日期,app,出价类型,国家地区,应用安装.总次数,当日ROI,1日ROI,3日ROI,7日ROI,14日ROI,30日ROI,60日ROI,90日ROI
2025-04-13(日),App-1,CPI,美国,4849,6.79%,14.24%,27.3%,64.44%,120.89%,214.65%,368.42%,413.81%
2025-04-13(日),App-2,CPI,美国,2180,4.19%,14.74%,19.54%,35.63%,64.57%,107.64%,186.08%,206.66%
2025-04-13(日),App-3,CPI,美国,1967,11.92%,20.58%,27.28%,39.12%,57.02%,87.05%,96.04%,104.22%
2025-04-13(日),App-4,CPI,美国,988,1.85%,4.89%,7.45%,12.62%,17.2%,23.52%,36.61%,45.68%
2025-04-13(日),App-5,CPI,美国,515,22.98%,24.7%,27.41%,28.8%,67.19%,89.06%,100%,104.33%
2025-04-13(日),App-3,CPI,英国,1192,29.9%,35.51%,41.45%,81.01%,127.73%,135.81%,146.63%,154.27%
2025-04-13(日),App-1,CPI,英国,0,0%,0%,0%,0%,0%,0%,0%,0%
2025-04-13(日),App-4,CPI,英国,817,2.23%,6.51%,16.83%,41.79%,46.91%,51.43%,58.66%,60.52%
2025-04-13(日),App-2,CPI,英国,345,20.85%,37.31%,38.25%,94.87%,164.28%,217.7%,235.4%,235.4%
2025-04-13(日),App-5,CPI,英国,173,8.62%,16.2%,17.49%,51.38%,76.92%,114.82%,115.76%,115.76%
2025-04-14(一),App-1,CPI,美国,4594,5.55%,14.3%,31.5%,52.83%,70.67%,116%,171.87%,202.44%
2025-04-14(一),App-2,CPI,美国,2579,25.02%,36.57%,73.81%,137%,184.23%,254.56%,277.83%,283.2%
2025-04-14(一),App-3,CPI,美国,4495,11.75%,16.56%,21.51%,51.38%,71.06%,100.48%,162.47%,184.04%
2025-04-14(一),App-4,CPI,美国,693,3.45%,4.41%,22.13%,45.51%,83.19%,153.83%,283.82%,340.44%
2025-04-14(一),App-5,CPI,美国,382,21.79%,22.92%,52.97%,76.29%,103.87%,291.52%,417.04%,481.5%
2025-04-14(一),App-3,CPI,英国,1245,19.68%,48.13%,76.45%,103.46%,130.66%,354.79%,739.57%,"1,280.47%"
2025-04-14(一),App-1,CPI,英国,2194,4.54%,10.11%,16%,22.05%,38.38%,50.19%,62.3%,89.74%
2025-04-14(一),App-4,CPI,英国,748,4.38%,15.45%,38.41%,57.73%,72.89%,113.32%,137.76%,140.84%
2025-04-14(一),App-2,CPI,英国,600,18.48%,44.35%,47.47%,78.1%,153.73%,286.13%,292.86%,310.19%
2025-04-14(一),App-5,CPI,英国,56,18.71%,28.59%,35.87%,49.57%,56.86%,118.37%,130.46%,131.13%
2025-04-15(二),App-1,CPI,美国,6356,11.68%,17.53%,27.73%,49.27%,90.77%,167.63%,281.76%,0%
2025-04-15(二),App-2,CPI,美国,2806,73.44%,74.97%,79.59%,85.64%,112.82%,217.41%,232.14%,0%
2025-04-15(二),App-3,CPI,美国,7408,4.77%,9.26%,15.01%,20.84%,30.24%,62.82%,105.29%,0%
2025-04-15(二),App-4,CPI,美国,622,10%,14.51%,16.57%,22.64%,29.2%,37.3%,42.74%,0%
2025-04-15(二),App-5,CPI,美国,280,16.74%,16.79%,39.91%,45.64%,105.87%,300.53%,529.81%,0%
2025-04-15(二),App-3,CPI,英国,2001,10.55%,15.64%,22.14%,41.63%,57.02%,64.26%,87.02%,0%
2025-04-15(二),App-1,CPI,英国,3796,7.38%,16.55%,34.64%,61.99%,136.14%,436.33%,841.23%,0%
2025-04-15(二),App-4,CPI,英国,650,6.2%,13.61%,40.29%,49.58%,146.51%,151.37%,156.74%,0%
2025-04-15(二),App-2,CPI,英国,434,3.61%,6.88%,8.35%,12.72%,15.65%,16.78%,18.13%,0%
2025-04-15(二),App-5,CPI,英国,32,0%,0%,0%,0%,0%,0%,0%,0%
2025-04-16(三),App-1,CPI,美国,4590,8.34%,22.04%,39.31%,78.14%,157.08%,371.37%,631.97%,0%
2025-04-16(三),App-2,CPI,美国,4028,5.28%,17.23%,23.59%,28.71%,34.57%,42.83%,59.07%,0%
2025-04-16(三),App-3,CPI,美国,7876,8.15%,14.8%,31.36%,50.59%,85.46%,146.97%,252.32%,0%
2025-04-16(三),App-4,CPI,美国,560,3.2%,7.15%,10.04%,12.44%,14.43%,20.96%,28.07%,0%
2025-04-16(三),App-5,CPI,美国,642,10.51%,46.82%,72.51%,93.83%,123%,169.08%,262.09%,0%
2025-04-16(三),App-3,CPI,英国,1796,7.24%,17.91%,24.8%,41.4%,60.69%,153.35%,209.04%,0%
2025-04-16(三),App-1,CPI,英国,2290,10.55%,17.43%,25.25%,30.84%,41.71%,53.09%,92.62%,0%
2025-04-16(三),App-4,CPI,英国,504,0.25%,1.99%,5.04%,9.51%,12.94%,17.07%,19.75%,0%
2025-04-16(三),App-2,CPI,英国,543,6.46%,18.59%,19.09%,20.6%,22.25%,24.12%,27.14%,0%
2025-04-16(三),App-5,CPI,英国,168,26.19%,27.72%,52.16%,61.63%,105.16%,181.09%,220.06%,0%
2025-04-17(四),App-1,CPI,美国,5492,11.67%,16.71%,29.51%,53.08%,84.41%,152.56%,250.83%,0%
2025-04-17(四),App-2,CPI,美国,5706,4.16%,6.47%,10.89%,18.59%,28.51%,85.22%,144.8%,0%
2025-04-17(四),App-3,CPI,美国,5251,13.47%,18.48%,40.49%,63.54%,89.82%,134.9%,193.65%,0%
2025-04-17(四),App-4,CPI,美国,832,5.16%,16.35%,26.06%,32%,46.53%,78.6%,99.38%,0%
2025-04-17(四),App-5,CPI,美国,506,4.9%,7.21%,9.48%,16.08%,22.86%,29%,30.32%,0%
2025-04-17(四),App-3,CPI,英国,1163,10.66%,16.22%,29.78%,45.84%,64.88%,113.78%,191.98%,0%
2025-04-17(四),App-1,CPI,英国,2518,17.54%,29.38%,46.71%,96.09%,141.63%,216.26%,260.56%,0%
2025-04-17(四),App-4,CPI,英国,510,9.41%,27.23%,36.22%,51.74%,62.02%,71.32%,103.82%,0%
2025-04-17(四),App-2,CPI,英国,614,3.73%,4.55%,6.45%,19.58%,20.34%,23.11%,27.08%,0%
2025-04-17(四),App-5,CPI,英国,81,0.11%,0.11%,0.11%,0.11%,0.11%,0.11%,0.11%,0%
2025-04-18(五),App-1,CPI,美国,5655,13.94%,18.87%,29.88%,61.49%,110.77%,217.32%,304.96%,0%
2025-04-18(五),App-2,CPI,美国,7456,15.01%,39.78%,49.55%,65.43%,79.06%,143.2%,176.58%,0%
2025-04-18(五),App-3,CPI,美国,3999,6.8%,11.93%,19.24%,33.8%,62.72%,104.34%,152.41%,0%
2025-04-18(五),App-4,CPI,美国,945,4.53%,6.13%,10.38%,17.65%,20.02%,26.3%,65.24%,0%
2025-04-18(五),App-5,CPI,美国,728,20.17%,26.41%,43.75%,81.33%,103.04%,109.25%,116.25%,0%
2025-04-18(五),App-3,CPI,英国,1442,18.37%,22.9%,32.86%,103.36%,377.46%,597.91%,615.5%,0%
2025-04-18(五),App-1,CPI,英国,3476,7.44%,17.44%,39.34%,80.17%,99.08%,128.45%,172.26%,0%
2025-04-18(五),App-4,CPI,英国,575,7.45%,47.67%,62.04%,88.03%,110.68%,156.31%,197.16%,0%
2025-04-18(五),App-2,CPI,英国,1534,4.16%,7.82%,10.59%,17.2%,20.7%,40.84%,46.75%,0%
2025-04-18(五),App-5,CPI,英国,217,52.8%,53.86%,57.52%,60.66%,61.45%,61.53%,61.53%,0%
2025-04-19(六),App-1,CPI,美国,6849,5.01%,8.72%,13.46%,22.35%,33.28%,52.52%,80.02%,0%
2025-04-19(六),App-2,CPI,美国,6250,5.78%,12.89%,18.78%,26.95%,36.6%,57.18%,84.76%,0%
2025-04-19(六),App-3,CPI,美国,3668,9.6%,18.27%,26.73%,37.23%,50.56%,81.89%,111.04%,0%
2025-04-19(六),App-4,CPI,美国,1016,7.55%,13.41%,17.24%,23.55%,31.9%,60.8%,66.37%,0%
2025-04-19(六),App-5,CPI,美国,856,9.01%,12.56%,34.16%,86.51%,125.63%,130.22%,155.8%,0%
2025-04-19(六),App-3,CPI,英国,1611,59.84%,92.51%,145.47%,376.03%,606.03%,"1,248.47%","2,372.08%",0%
2025-04-19(六),App-1,CPI,英国,4128,10.72%,17.74%,43.77%,71.54%,137.39%,245.12%,314.51%,0%
2025-04-19(六),App-4,CPI,英国,472,46.57%,182.95%,215.51%,222.71%,228%,236.06%,238.95%,0%
2025-04-19(六),App-2,CPI,英国,1128,3.05%,4.95%,6.75%,8.66%,9.94%,11.87%,13.87%,0%
2025-04-19(六),App-5,CPI,英国,92,5.29%,5.93%,6.28%,7.05%,8.51%,8.51%,8.51%,0%
2025-04-20(日),App-1,CPI,美国,6394,13.54%,33.19%,62.4%,114.71%,197.09%,338.19%,567.05%,0%
2025-04-20(日),App-2,CPI,美国,6244,6.85%,14.52%,21.3%,30.57%,72.58%,135.89%,156.56%,0%
2025-04-20(日),App-3,CPI,美国,5655,15.45%,20.73%,25.1%,33.62%,52.88%,96.48%,132.55%,0%
2025-04-20(日),App-4,CPI,美国,1870,4.43%,7.43%,16.12%,54.07%,89.44%,159.59%,191.31%,0%
2025-04-20(日),App-5,CPI,美国,528,2.03%,11.2%,11.79%,40.03%,50.61%,103.31%,109.96%,0%
2025-04-20(日),App-3,CPI,英国,1821,42.09%,58.96%,69.56%,111.08%,126.36%,234.51%,392.94%,0%
2025-04-20(日),App-1,CPI,英国,3095,5.72%,12.19%,18.52%,45.8%,102.28%,235.45%,336.57%,0%
2025-04-20(日),App-4,CPI,英国,608,12.32%,17.01%,125.41%,279.18%,510.91%,718.36%,"1,027.27%",0%
2025-04-20(日),App-2,CPI,英国,1098,4.66%,9.24%,12.85%,22.3%,27.5%,44.77%,87.63%,0%
2025-04-20(日),App-5,CPI,英国,211,5.3%,20.06%,73.89%,195.58%,321.29%,622.62%,624.9%,0%
2025-04-21(一),App-1,CPI,美国,5293,13.46%,31.85%,53.6%,94.64%,143.23%,196.39%,380.78%,0%
2025-04-21(一),App-2,CPI,美国,12611,8.34%,20.66%,35.98%,54.07%,75.38%,101.25%,128.24%,0%
2025-04-21(一),App-3,CPI,美国,4772,7.7%,16.45%,21.95%,37%,60.48%,101.17%,201.81%,0%
2025-04-21(一),App-4,CPI,美国,719,3.8%,5.06%,18.02%,22.14%,49.71%,105.09%,107.94%,0%
2025-04-21(一),App-5,CPI,美国,545,7.95%,21.2%,27.8%,33.87%,39.24%,43.83%,48.02%,0%
2025-04-21(一),App-3,CPI,英国,1723,12.66%,17.93%,26.26%,86.06%,167.28%,410.02%,884.31%,0%
2025-04-21(一),App-1,CPI,英国,3890,6.27%,18.05%,37.16%,55.56%,61.93%,79.58%,93.11%,0%
2025-04-21(一),App-4,CPI,英国,749,2.25%,5.11%,9.44%,13.05%,15.73%,22.37%,28.06%,0%
2025-04-21(一),App-2,CPI,英国,2031,5.71%,7.16%,9.64%,13.01%,15.42%,21.75%,29.97%,0%
2025-04-21(一),App-5,CPI,英国,208,10.32%,21.29%,24.71%,53.34%,60.23%,96.82%,125.26%,0%
2025-04-22(二),App-1,CPI,美国,3765,5.6%,9.25%,17.57%,31.09%,84.45%,165.7%,258.67%,0%
2025-04-22(二),App-2,CPI,美国,11727,9.44%,18.24%,31.44%,47.95%,55.85%,67.29%,77.45%,0%
2025-04-22(二),App-3,CPI,美国,2516,8.81%,17.23%,21.89%,38.77%,58.8%,115.07%,281.86%,0%
2025-04-22(二),App-4,CPI,美国,925,7.24%,13.35%,18.32%,31.77%,76.85%,131.12%,193.83%,0%
2025-04-22(二),App-5,CPI,美国,792,9.39%,12.6%,19.74%,31.02%,32.05%,34.83%,35.22%,0%
2025-04-22(二),App-3,CPI,英国,1633,5.82%,17.91%,42.93%,104.03%,197.63%,264.57%,302.62%,0%
2025-04-22(二),App-1,CPI,英国,3023,9.39%,14.52%,22.86%,45.7%,76.68%,163.39%,382.34%,0%
2025-04-22(二),App-4,CPI,英国,338,0.54%,0.87%,1.03%,1.06%,1.13%,1.15%,1.15%,0%
2025-04-22(二),App-2,CPI,英国,2047,2.75%,3.96%,5.08%,8.55%,40.7%,104.04%,198.61%,0%
2025-04-22(二),App-5,CPI,英国,64,0.32%,52.47%,159.79%,469.22%,"1,062%","1,582.61%","1,588.77%",0%
2025-04-23(三),App-1,CPI,美国,2662,15.84%,22.6%,34.87%,81.79%,165.45%,281.29%,436.92%,0%
2025-04-23(三),App-2,CPI,美国,7650,5.51%,17.06%,39.91%,72.5%,130.21%,158.29%,194.79%,0%
2025-04-23(三),App-3,CPI,美国,3664,13.32%,18.78%,35.26%,46.57%,74.65%,125.17%,224.61%,0%
2025-04-23(三),App-4,CPI,美国,607,5.4%,9.34%,17.06%,26.75%,32.44%,44.4%,61.73%,0%
2025-04-23(三),App-5,CPI,美国,551,23.05%,26.05%,27.24%,43.87%,180.57%,293.9%,301.41%,0%
2025-04-23(三),App-3,CPI,英国,2403,11.49%,15.81%,21.67%,25.24%,48.43%,67.22%,100.5%,0%
2025-04-23(三),App-1,CPI,英国,1686,9.38%,11.14%,15.38%,19.16%,22.48%,29.17%,37.23%,0%
2025-04-23(三),App-4,CPI,英国,436,25.68%,37.04%,70.36%,96.22%,141.24%,182.16%,191.25%,0%
2025-04-23(三),App-2,CPI,英国,947,2.44%,3.07%,4.04%,6.44%,8.17%,14.32%,27.89%,0%
2025-04-23(三),App-5,CPI,英国,131,2.11%,4.14%,4.14%,4.28%,4.28%,4.28%,4.28%,0%
2025-04-24(四),App-1,CPI,美国,1866,23.95%,42.46%,51.47%,99.08%,191.61%,305.57%,418.67%,0%
2025-04-24(四),App-2,CPI,美国,6483,9.47%,14.99%,25.18%,38.13%,57.22%,101.26%,151.79%,0%
2025-04-24(四),App-3,CPI,美国,2489,9.6%,14.17%,17.95%,23.28%,38.48%,52.87%,63.6%,0%
2025-04-24(四),App-4,CPI,美国,990,60.57%,87.19%,161.86%,208.13%,272.33%,388.49%,484.74%,0%
2025-04-24(四),App-5,CPI,美国,647,10.62%,12.77%,20.54%,26.42%,35.37%,45.69%,56.28%,0%
2025-04-24(四),App-3,CPI,英国,1733,3.5%,7.49%,41.03%,115.17%,164.81%,271.71%,300.42%,0%
2025-04-24(四),App-1,CPI,英国,920,3.5%,6.83%,15.17%,24.14%,35.12%,62.41%,439.87%,0%
2025-04-24(四),App-4,CPI,英国,291,1.22%,2.15%,3.47%,4.56%,10.41%,19.62%,29.51%,0%
2025-04-24(四),App-2,CPI,英国,956,1.93%,7.28%,17.91%,36.67%,70.21%,181.63%,214.32%,0%
2025-04-24(四),App-5,CPI,英国,177,3.18%,4.38%,6.18%,7.33%,11.43%,14.53%,17.89%,0%
2025-04-25(五),App-1,CPI,美国,1922,10.18%,16.63%,29.18%,62.42%,125.2%,274.39%,345.68%,0%
2025-04-25(五),App-2,CPI,美国,4499,8.59%,19.88%,35.66%,58.34%,88.33%,157.61%,282.06%,0%
2025-04-25(五),App-3,CPI,美国,1505,19.29%,43.32%,70.39%,181.06%,334.57%,581.99%,870.74%,0%
2025-04-25(五),App-4,CPI,美国,737,6.61%,9.79%,13.65%,17.89%,20.39%,26.16%,37.15%,0%
2025-04-25(五),App-5,CPI,美国,454,2.56%,4.82%,15.54%,16.4%,16.57%,18.53%,20.36%,0%
2025-04-25(五),App-3,CPI,英国,1108,6.92%,9.44%,11.14%,12.06%,13.71%,16.52%,21.7%,0%
2025-04-25(五),App-1,CPI,英国,1100,6.23%,23.35%,43.97%,57.7%,135.66%,260.02%,300.52%,0%
2025-04-25(五),App-4,CPI,英国,217,0%,0.52%,3.27%,6.21%,16.05%,22.73%,39.82%,0%
2025-04-25(五),App-2,CPI,英国,733,4.93%,6.03%,8.85%,9.91%,12.6%,15.6%,17.19%,0%
2025-04-25(五),App-5,CPI,英国,156,5.61%,13.95%,17.01%,19.19%,27.76%,39.35%,42.95%,0%
2025-04-26(六),App-1,CPI,美国,1171,8.86%,54.16%,69.2%,126.56%,223.15%,352.15%,467.3%,0%
2025-04-26(六),App-2,CPI,美国,4784,6.06%,15.05%,25.94%,46%,80.43%,142.94%,222.36%,0%
2025-04-26(六),App-3,CPI,美国,1415,13.53%,44.4%,65.01%,127.87%,131.2%,134.02%,134.95%,0%
2025-04-26(六),App-4,CPI,美国,1209,3.35%,28.31%,44.58%,87.83%,131.8%,168.31%,224.48%,0%
2025-04-26(六),App-5,CPI,美国,389,1.45%,14.16%,19.72%,31.3%,37.54%,54.95%,81.3%,0%
2025-04-26(六),App-3,CPI,英国,1715,21.38%,26.1%,38.49%,74.83%,322.47%,638.37%,"1,056.18%",0%
2025-04-26(六),App-1,CPI,英国,1429,11.04%,27.3%,92.54%,223.49%,453.02%,758.46%,925.24%,0%
2025-04-26(六),App-4,CPI,英国,415,0.77%,9.29%,19.38%,48.43%,138.87%,359.1%,517.09%,0%
2025-04-26(六),App-2,CPI,英国,1034,3.01%,8.63%,22.65%,25.47%,44.85%,47.12%,50.64%,0%
2025-04-26(六),App-5,CPI,英国,57,0%,0%,0%,0%,0%,0%,0%,0%
2025-04-27(日),App-1,CPI,美国,2463,21.84%,23.92%,36.95%,54.88%,85.64%,183.96%,374.72%,0%
2025-04-27(日),App-2,CPI,美国,7761,10.62%,22.49%,47.01%,91.24%,125.34%,191.68%,258.54%,0%
2025-04-27(日),App-3,CPI,美国,2464,13.61%,18.46%,23.22%,37.31%,56.54%,66.97%,70.2%,0%
2025-04-27(日),App-4,CPI,美国,1209,75.95%,158.13%,242.99%,369.36%,431.51%,518.32%,708.1%,0%
2025-04-27(日),App-5,CPI,美国,541,3.64%,5.44%,18.47%,27.25%,51.15%,96.72%,110.24%,0%
2025-04-27(日),App-3,CPI,英国,2953,13.69%,27.1%,45.16%,79.28%,129.17%,179.65%,279.74%,0%
2025-04-27(日),App-1,CPI,英国,1503,7.95%,10.56%,15.31%,22.62%,36.98%,51.16%,75.87%,0%
2025-04-27(日),App-4,CPI,英国,458,3.01%,4.04%,6.77%,10.63%,13.67%,13.76%,14.46%,0%
2025-04-27(日),App-2,CPI,英国,972,4.33%,33.15%,99.09%,195.47%,302.5%,307.64%,459.79%,0%
2025-04-27(日),App-5,CPI,英国,135,3.02%,5.46%,6.37%,9.18%,10.82%,18.1%,20.21%,0%
2025-04-28(一),App-1,CPI,美国,1995,25.16%,34.13%,49.57%,76%,169.63%,283.08%,399.01%,0%
2025-04-28(一),App-2,CPI,美国,7374,12.17%,15.04%,31.75%,68.26%,105.56%,167.86%,199.17%,0%
2025-04-28(一),App-3,CPI,美国,2521,12.73%,22.9%,31.16%,60.94%,106.92%,204.67%,253.91%,0%
2025-04-28(一),App-4,CPI,美国,979,18.4%,20.69%,36.9%,74.49%,127.87%,250.88%,457.75%,0%
2025-04-28(一),App-5,CPI,美国,679,11.42%,11.83%,12.81%,17.3%,22.88%,23.88%,23.95%,0%
2025-04-28(一),App-3,CPI,英国,2482,4.94%,34.82%,52.51%,55.2%,134.96%,286.69%,379.98%,0%
2025-04-28(一),App-1,CPI,英国,861,6.51%,8.02%,61.84%,107.44%,208.95%,275.41%,352.92%,0%
2025-04-28(一),App-4,CPI,英国,414,2.76%,5.6%,6.57%,9.72%,15.26%,26.47%,118.73%,0%
2025-04-28(一),App-2,CPI,英国,581,3.08%,5.09%,6.85%,16.7%,42.01%,56.17%,65.96%,0%
2025-04-28(一),App-5,CPI,英国,210,2.31%,4.03%,4.9%,8.39%,10.69%,19.27%,19.27%,0%
2025-04-29(二),App-1,CPI,美国,2025,32.35%,45.81%,104.23%,153.94%,294.74%,419.7%,576.08%,0%
2025-04-29(二),App-2,CPI,美国,4200,8.58%,10.13%,17.07%,28.61%,72.56%,144.88%,209.64%,0%
2025-04-29(二),App-3,CPI,美国,1877,11.52%,14.21%,20.13%,34.26%,55.67%,82.81%,139.52%,0%
2025-04-29(二),App-4,CPI,美国,636,2.93%,4.78%,14.92%,42.98%,98.09%,190.62%,525.5%,0%
2025-04-29(二),App-5,CPI,美国,542,9.01%,15.3%,29.9%,49.66%,87%,93.56%,123.92%,0%
2025-04-29(二),App-3,CPI,英国,1821,6.13%,13.38%,16.77%,34.18%,63.3%,95.32%,122.25%,0%
2025-04-29(二),App-1,CPI,英国,1178,2.94%,39.76%,99.63%,246.96%,526.44%,889.1%,"1,418.51%",0%
2025-04-29(二),App-4,CPI,英国,510,3.7%,8.33%,45.15%,53.74%,106.49%,164.36%,385.34%,0%
2025-04-29(二),App-2,CPI,英国,708,5.8%,9.2%,11.49%,19.43%,23.19%,45.82%,50.3%,0%
2025-04-29(二),App-5,CPI,英国,122,6.41%,13.95%,26.15%,33.3%,46.52%,68.55%,74.9%,0%
2025-04-30(三),App-1,CPI,美国,1864,15.63%,17.23%,24.68%,37.87%,56.07%,128.5%,434.46%,0%
2025-04-30(三),App-2,CPI,美国,5212,18.83%,36.1%,45.95%,63.24%,84.41%,112.99%,137.71%,0%
2025-04-30(三),App-3,CPI,美国,1670,17.27%,27.37%,34.54%,57.51%,96.21%,165.29%,352.62%,0%
2025-04-30(三),App-4,CPI,美国,1092,19.29%,61.53%,68.53%,75.22%,82.3%,96.4%,99.56%,0%
2025-04-30(三),App-5,CPI,美国,542,1.6%,3.45%,15.14%,27.13%,31.14%,41.59%,45.17%,0%
2025-04-30(三),App-3,CPI,英国,1393,9.55%,10.8%,13.07%,23.44%,32.73%,34.89%,36.32%,0%
2025-04-30(三),App-1,CPI,英国,1189,8%,8.71%,10%,13.09%,34.37%,95.44%,180.86%,0%
2025-04-30(三),App-4,CPI,英国,529,1.82%,2.55%,3.56%,5.99%,7.47%,9.96%,10.72%,0%
2025-04-30(三),App-2,CPI,英国,481,2.83%,5.24%,21.87%,22.86%,35.59%,37.2%,41.44%,0%
2025-04-30(三),App-5,CPI,英国,158,1.73%,13.65%,15.95%,26.82%,26.99%,27.16%,27.16%,0%
2025-05-01(四),App-1,CPI,美国,2454,6.12%,12.02%,21.44%,33.36%,52.56%,100.12%,197.59%,0%
2025-05-01(四),App-2,CPI,美国,5189,8.3%,11.09%,49.42%,63.45%,74.35%,87.97%,101.53%,0%
2025-05-01(四),App-3,CPI,美国,2033,8.48%,24.52%,35.73%,79.99%,157.93%,320.54%,413.79%,0%
2025-05-01(四),App-4,CPI,美国,1106,17.14%,46.47%,60.03%,91.83%,181.81%,254.87%,589.84%,0%
2025-05-01(四),App-5,CPI,美国,483,18%,28.41%,60.55%,74.81%,108.4%,109.98%,110.34%,0%
2025-05-01(四),App-3,CPI,英国,1308,2.64%,5.73%,15.27%,27.06%,37.45%,60.41%,75.15%,0%
2025-05-01(四),App-1,CPI,英国,967,16.18%,28.24%,36.35%,87.04%,88.36%,92%,95.28%,0%
2025-05-01(四),App-4,CPI,英国,196,6.92%,10.58%,14.05%,30.68%,44.08%,203.29%,431.41%,0%
2025-05-01(四),App-2,CPI,英国,422,0.33%,1.15%,1.72%,32.24%,36.56%,74.6%,131.74%,0%
2025-05-01(四),App-5,CPI,英国,84,8.19%,8.19%,8.38%,15.85%,16.48%,18.01%,18.22%,0%
2025-05-02(五),App-1,CPI,美国,2459,18.23%,24.18%,40.84%,59.84%,126.08%,268.49%,382.94%,0%
2025-05-02(五),App-2,CPI,美国,7344,5.57%,21.46%,31.63%,51.3%,70.82%,112.52%,135.21%,0%
2025-05-02(五),App-3,CPI,美国,2696,8.22%,14.86%,17.41%,22.17%,29.38%,40.93%,55.66%,0%
2025-05-02(五),App-4,CPI,美国,751,3.37%,9.86%,18.83%,20.5%,28.72%,58.67%,71.19%,0%
2025-05-02(五),App-5,CPI,美国,268,9.46%,10.23%,12.2%,13.45%,16.59%,18.96%,18.96%,0%
2025-05-02(五),App-3,CPI,英国,1679,17.78%,19.22%,26.92%,30.27%,86.55%,291.34%,570.54%,0%
2025-05-02(五),App-1,CPI,英国,992,4.06%,4.57%,8.59%,14.09%,14.95%,20.25%,49.23%,0%
2025-05-02(五),App-4,CPI,英国,402,3.67%,6.83%,25.95%,75.36%,114.48%,134.28%,153.35%,0%
2025-05-02(五),App-2,CPI,英国,962,21.83%,110.87%,147.01%,148.02%,151.25%,157.15%,165.8%,0%
2025-05-02(五),App-5,CPI,英国,116,2.08%,2.86%,5.49%,10%,13.95%,17.23%,19.32%,0%
2025-05-03(六),App-1,CPI,美国,3725,33.84%,49.42%,122.08%,284.58%,406.7%,778.85%,"1,077.69%",0%
2025-05-03(六),App-2,CPI,美国,6447,7.9%,20.18%,46.1%,67.75%,77.13%,86.82%,96.34%,0%
2025-05-03(六),App-3,CPI,美国,3913,8.98%,13.31%,19.69%,37.09%,66.18%,95.2%,184.99%,0%
2025-05-03(六),App-4,CPI,美国,1605,14.33%,40.79%,86.74%,121.82%,135.89%,156.57%,176.59%,0%
2025-05-03(六),App-5,CPI,美国,398,7.3%,8.01%,10.85%,12.67%,13.83%,15.09%,16.48%,0%
2025-05-03(六),App-3,CPI,英国,1465,13.84%,16.83%,22.45%,26.15%,40.06%,67.26%,99.48%,0%
2025-05-03(六),App-1,CPI,英国,1700,21.11%,31.07%,48.92%,156.48%,205.91%,307.94%,345.65%,0%
2025-05-03(六),App-4,CPI,英国,451,1.38%,12.28%,56.99%,70.3%,75.35%,79.7%,82.65%,0%
2025-05-03(六),App-2,CPI,英国,1179,5.26%,6.77%,47.54%,48.82%,96.19%,129.27%,158.5%,0%
2025-05-03(六),App-5,CPI,英国,198,1.6%,2.6%,4.07%,7.58%,10.93%,25.41%,36.82%,0%
2025-05-04(日),App-1,CPI,美国,7988,13.18%,18.84%,33%,62.81%,90.01%,147.44%,209.13%,0%
2025-05-04(日),App-2,CPI,美国,4703,5.93%,18.46%,37.59%,93.31%,134.35%,156.15%,173.03%,0%
2025-05-04(日),App-3,CPI,美国,4952,12.8%,20.55%,30.2%,54.9%,77.19%,92.31%,124.97%,0%
2025-05-04(日),App-4,CPI,美国,1546,3.56%,16.23%,29.12%,36.87%,53.5%,72.16%,76.15%,0%
2025-05-04(日),App-5,CPI,美国,926,11.95%,14.94%,20.03%,26.99%,35.88%,99.05%,158.53%,0%
2025-05-04(日),App-3,CPI,英国,2165,16.53%,21.68%,34.73%,53.02%,73.33%,110.31%,161.67%,0%
2025-05-04(日),App-1,CPI,英国,2466,6.6%,8.69%,11.58%,14.64%,19.08%,26.04%,35.33%,0%
2025-05-04(日),App-4,CPI,英国,1127,1.84%,4.9%,11.38%,17.14%,24.87%,28.69%,78.64%,0%
2025-05-04(日),App-2,CPI,英国,1098,3.14%,11.45%,14.43%,51.06%,95.57%,189.68%,281.31%,0%
2025-05-04(日),App-5,CPI,英国,499,6.02%,9.85%,19.39%,22.96%,27%,40.85%,56.88%,0%
2025-05-05(一),App-1,CPI,美国,13503,7.67%,11.3%,19.8%,30.03%,48.82%,87.22%,141.65%,0%
2025-05-05(一),App-2,CPI,美国,2683,8.26%,14.33%,55.14%,86.38%,137%,177.45%,207.27%,0%
2025-05-05(一),App-3,CPI,美国,5607,11.9%,21.56%,53.12%,88.71%,134.49%,214.49%,253.81%,0%
2025-05-05(一),App-4,CPI,美国,1439,17.46%,21.35%,28.32%,35.53%,42.02%,49.25%,81.2%,0%
2025-05-05(一),App-5,CPI,美国,817,1.2%,18.72%,20.15%,23.15%,29.08%,40.67%,49.24%,0%
2025-05-05(一),App-3,CPI,英国,2634,8.88%,17.67%,40.58%,86.91%,186.6%,260.65%,270.17%,0%
2025-05-05(一),App-1,CPI,英国,3387,12.26%,16.01%,25.97%,54.34%,108.83%,210.44%,338.19%,0%
2025-05-05(一),App-4,CPI,英国,618,6.6%,10.78%,12.87%,17.39%,24.48%,30.24%,41.57%,0%
2025-05-05(一),App-2,CPI,英国,551,5.83%,8.8%,15.14%,19.68%,23.8%,31.55%,37.26%,0%
2025-05-05(一),App-5,CPI,英国,422,4.91%,6.41%,10.42%,15%,21.41%,37.35%,42.02%,0%
2025-05-06(二),App-1,CPI,美国,10400,9.92%,18.32%,30.69%,53.97%,77.96%,140.34%,226.42%,0%
2025-05-06(二),App-2,CPI,美国,4484,16.01%,21.28%,29.59%,53.48%,113.53%,129.13%,141.61%,0%
2025-05-06(二),App-3,CPI,美国,6232,7.49%,11.64%,18.02%,31.03%,69.23%,125.76%,184.49%,0%
2025-05-06(二),App-4,CPI,美国,956,5.65%,7.79%,19.12%,43.22%,83.52%,123.76%,141.5%,0%
2025-05-06(二),App-5,CPI,美国,1267,19.94%,26.37%,34.1%,40.84%,48.62%,64.13%,70.24%,0%
2025-05-06(二),App-3,CPI,英国,2105,6.19%,7.91%,9.25%,10.88%,22.9%,29.26%,45.56%,0%
2025-05-06(二),App-1,CPI,英国,2164,6.66%,9.97%,17.8%,23.87%,26.98%,47.77%,78.86%,0%
2025-05-06(二),App-4,CPI,英国,403,1.92%,3.14%,4.17%,7.23%,10.49%,15.02%,17.99%,0%
2025-05-06(二),App-2,CPI,英国,677,2.57%,4.15%,7.32%,16.18%,18.46%,27.57%,35.59%,0%
2025-05-06(二),App-5,CPI,英国,393,12.18%,14.98%,22.64%,31.61%,37.44%,45.87%,52.38%,0%
2025-05-07(三),App-1,CPI,美国,9236,9.16%,14.8%,24.1%,44.53%,99.56%,180.62%,306.02%,0%
2025-05-07(三),App-2,CPI,美国,7144,5.09%,10.38%,16.35%,33.37%,50.94%,67.2%,71.26%,0%
2025-05-07(三),App-3,CPI,美国,6205,17.99%,36.77%,60.95%,96.31%,142.45%,297.72%,557.44%,0%
2025-05-07(三),App-4,CPI,美国,1649,11.71%,15.32%,24.34%,29.4%,39.57%,50%,84.7%,0%
2025-05-07(三),App-5,CPI,美国,406,5.96%,7.25%,20.22%,35.58%,39.25%,42.28%,44.87%,0%
2025-05-07(三),App-3,CPI,英国,2392,5.34%,7.37%,24.16%,28.03%,32.74%,58.82%,109.26%,0%
2025-05-07(三),App-1,CPI,英国,3048,5.49%,24.44%,52.58%,111.02%,157.76%,168.58%,176.28%,0%
2025-05-07(三),App-4,CPI,英国,462,21.73%,24.64%,25.79%,27.55%,29.73%,36.28%,40.53%,0%
2025-05-07(三),App-2,CPI,英国,1009,3.69%,6.67%,9.68%,12.02%,15.33%,20.74%,26.17%,0%
2025-05-07(三),App-5,CPI,英国,240,2.26%,2.26%,3.64%,4.54%,5.42%,14.38%,15.86%,0%
2025-05-08(四),App-1,CPI,美国,9113,6.98%,11.15%,22.63%,34.3%,55.05%,87%,117.44%,0%
2025-05-08(四),App-2,CPI,美国,10232,8.02%,15.29%,20.85%,36.9%,64.07%,108.74%,172.32%,0%
2025-05-08(四),App-3,CPI,美国,7444,11.01%,21.51%,30.21%,49.53%,78.41%,145.41%,300.68%,0%
2025-05-08(四),App-4,CPI,美国,1274,22.46%,43.45%,70.41%,74.35%,85.26%,88.78%,94.78%,0%
2025-05-08(四),App-5,CPI,美国,587,8.48%,9.23%,10.52%,13.44%,18.93%,25.92%,31.33%,0%
2025-05-08(四),App-3,CPI,英国,1789,5.81%,9.04%,34.3%,64.67%,210.08%,244.41%,270.34%,0%
2025-05-08(四),App-1,CPI,英国,2714,3.37%,8.34%,19.73%,25.49%,36.35%,51.62%,62.61%,0%
2025-05-08(四),App-4,CPI,英国,459,0.31%,0.82%,1.44%,2.95%,4.41%,7.31%,9.94%,0%
2025-05-08(四),App-2,CPI,英国,758,1.95%,3.96%,9%,20.05%,56.05%,125.44%,157.85%,0%
2025-05-08(四),App-5,CPI,英国,106,0.8%,0.99%,1.28%,4.22%,10.38%,19.04%,23.72%,0%
2025-05-09(五),App-1,CPI,美国,9431,10.27%,19.69%,35.36%,48.17%,71.56%,135.76%,221.13%,0%
2025-05-09(五),App-2,CPI,美国,6691,13.53%,17.08%,22.13%,28.34%,33.96%,45.6%,54.36%,0%
2025-05-09(五),App-3,CPI,美国,5121,10.59%,21.25%,36.74%,60.48%,138.66%,292.9%,411.74%,0%
2025-05-09(五),App-4,CPI,美国,799,5.62%,15.1%,27.55%,32.07%,38.13%,58.23%,64.52%,0%
2025-05-09(五),App-5,CPI,美国,482,12.61%,23.59%,23.94%,24.39%,25%,25.85%,27.77%,0%
2025-05-09(五),App-3,CPI,英国,1444,10.19%,12.15%,22.02%,81.58%,267.53%,281.95%,283.73%,0%
2025-05-09(五),App-1,CPI,英国,1996,3%,6.04%,8.1%,24.57%,83.61%,137.26%,177.59%,0%
2025-05-09(五),App-4,CPI,英国,537,0.72%,2.54%,2.81%,3.67%,4.81%,6.41%,15.15%,0%
2025-05-09(五),App-2,CPI,英国,851,2.01%,6.25%,8.49%,12.03%,14.84%,17.51%,20.52%,0%
2025-05-09(五),App-5,CPI,英国,66,7.15%,30.11%,46.51%,79.78%,79.78%,84.64%,110.13%,0%
2025-05-10(六),App-1,CPI,美国,7740,11.93%,15.4%,33.39%,44.08%,70.3%,127.24%,256.15%,0%
2025-05-10(六),App-2,CPI,美国,8195,4.66%,8.51%,14.12%,29.52%,48.68%,65.3%,91.57%,0%
2025-05-10(六),App-3,CPI,美国,5341,10.76%,16.15%,34%,56.45%,107.04%,170.95%,228.08%,0%
2025-05-10(六),App-4,CPI,美国,1222,5.06%,9.71%,16.43%,48.35%,67.99%,106.18%,133.08%,0%
2025-05-10(六),App-5,CPI,美国,595,1.74%,7.16%,39.66%,91.43%,125.65%,310.82%,315.61%,0%
2025-05-10(六),App-3,CPI,英国,1622,4.7%,6.69%,17.28%,30.8%,46.99%,198.38%,349.48%,0%
2025-05-10(六),App-1,CPI,英国,1245,5.35%,8.62%,11.17%,16.09%,31.12%,93.03%,145.1%,0%
2025-05-10(六),App-4,CPI,英国,434,5.56%,12.67%,24.35%,26.92%,30.64%,35.64%,38.03%,0%
2025-05-10(六),App-2,CPI,英国,1163,11.41%,12.5%,15.56%,18.02%,22.15%,28.54%,32.73%,0%
2025-05-10(六),App-5,CPI,英国,63,11.73%,11.73%,11.73%,11.73%,11.73%,11.73%,11.73%,0%
2025-05-11(日),App-1,CPI,美国,7909,10.36%,21.53%,39.1%,77.42%,184.6%,343.8%,638.92%,0%
2025-05-11(日),App-2,CPI,美国,13511,9.81%,15.61%,21.48%,33.55%,52.66%,65.55%,72.75%,0%
2025-05-11(日),App-3,CPI,美国,8220,10.53%,17.77%,30.4%,46.27%,65.64%,115.24%,174.83%,0%
2025-05-11(日),App-4,CPI,美国,1792,11.75%,24.93%,38.91%,64.57%,109.35%,197.59%,259.43%,0%
2025-05-11(日),App-5,CPI,美国,910,4.3%,7.71%,19.27%,45.36%,64.38%,78.69%,80.53%,0%
2025-05-11(日),App-3,CPI,英国,1805,12.42%,16.26%,18.28%,26.38%,31.71%,43.09%,53.61%,0%
2025-05-11(日),App-1,CPI,英国,1787,7.35%,19.99%,23.26%,43.29%,60.93%,77.03%,108.9%,0%
2025-05-11(日),App-4,CPI,英国,698,1.29%,4.24%,6.04%,9.42%,11.71%,12.37%,14.65%,0%
2025-05-11(日),App-2,CPI,英国,1119,6.1%,27.19%,38.55%,111.13%,181.32%,510.27%,556.34%,0%
2025-05-11(日),App-5,CPI,英国,216,0.76%,11.86%,123.54%,214.63%,497.34%,861.73%,953.17%,0%
2025-05-12(一),App-1,CPI,美国,7076,11.17%,16.43%,31.2%,48.25%,81.66%,93.41%,126.88%,0%
2025-05-12(一),App-2,CPI,美国,12988,7.28%,13.61%,22.67%,31.84%,40.64%,61.44%,76.94%,0%
2025-05-12(一),App-3,CPI,美国,16117,8.13%,24.07%,30.98%,45.96%,80.42%,136.3%,210.09%,0%
2025-05-12(一),App-4,CPI,美国,1503,6.44%,11.43%,22.56%,54.1%,94.68%,179.21%,274.73%,0%
2025-05-12(一),App-5,CPI,美国,615,20.61%,26.62%,37.05%,42.48%,58.45%,68.65%,186.78%,0%
2025-05-12(一),App-3,CPI,英国,2887,8.63%,12.19%,20.25%,37.31%,73.16%,92.04%,162.27%,0%
2025-05-12(一),App-1,CPI,英国,1942,11.63%,13.91%,19.64%,32.49%,46.28%,68.5%,103.62%,0%
2025-05-12(一),App-4,CPI,英国,306,2.62%,2.7%,16.8%,104.8%,106.05%,108.58%,108.58%,0%
2025-05-12(一),App-2,CPI,英国,999,0.71%,3.05%,5.22%,5.83%,6.93%,7.79%,10.5%,0%
2025-05-12(一),App-5,CPI,英国,245,6.05%,8.58%,14.66%,17.05%,19.29%,22.19%,24.47%,0%
2025-05-13(二),App-1,CPI,美国,3722,28.19%,57.27%,86.7%,159.32%,258.12%,418.98%,542.13%,0%
2025-05-13(二),App-2,CPI,美国,12180,5.95%,12.47%,18.75%,27.94%,39.46%,57.97%,78.51%,0%
2025-05-13(二),App-3,CPI,美国,9965,12.7%,19.04%,28.49%,66.09%,105.99%,186.26%,305.62%,0%
2025-05-13(二),App-4,CPI,美国,1330,6.09%,11.11%,21.97%,93.57%,117.6%,162.69%,192.46%,0%
2025-05-13(二),App-5,CPI,美国,823,6.98%,28.61%,63.48%,105.31%,190.01%,302.21%,304.21%,0%
2025-05-13(二),App-3,CPI,英国,2470,7.16%,13.48%,24.05%,28.53%,55.53%,106.98%,112.37%,0%
2025-05-13(二),App-1,CPI,英国,1265,23.21%,54.79%,145.67%,194.08%,279.14%,408.91%,473.93%,0%
2025-05-13(二),App-4,CPI,英国,217,0.31%,0.35%,12.42%,186.79%,228.99%,243.23%,243.23%,0%
2025-05-13(二),App-2,CPI,英国,1078,10.1%,25.21%,45.72%,69.19%,158.21%,193.23%,312.35%,0%
2025-05-13(二),App-5,CPI,英国,290,2.68%,10.03%,14%,39.47%,106.65%,232.96%,329.04%,0%
2025-05-14(三),App-1,CPI,美国,1872,13.54%,18.96%,25.28%,30.67%,32.37%,39.37%,41.17%,0%
2025-05-14(三),App-2,CPI,美国,13368,3.35%,5.58%,10.58%,15.67%,25.24%,48.9%,72.62%,0%
2025-05-14(三),App-3,CPI,美国,12217,15.02%,28.3%,36.97%,54.02%,83.02%,133.44%,223.1%,0%
2025-05-14(三),App-4,CPI,美国,1284,12.6%,19.99%,22.31%,37.98%,61.05%,100.35%,144.38%,0%
2025-05-14(三),App-5,CPI,美国,895,6.39%,9.21%,13.03%,22.55%,30.38%,36.04%,56.37%,0%
2025-05-14(三),App-3,CPI,英国,1686,5.51%,6.97%,8.73%,11.3%,16.84%,41.02%,87.51%,0%
2025-05-14(三),App-1,CPI,英国,634,8.54%,9.79%,12.77%,15.84%,25.72%,30.72%,44.06%,0%
2025-05-14(三),App-4,CPI,英国,255,2.97%,4.51%,6.39%,17.41%,27.9%,35.04%,63.63%,0%
2025-05-14(三),App-2,CPI,英国,817,3.35%,23.39%,49.76%,51.86%,57.56%,63.64%,72.2%,0%
2025-05-14(三),App-5,CPI,英国,32,0%,0%,0%,0%,0%,0%,0%,0%
2025-05-15(四),App-1,CPI,美国,2265,17.47%,25.19%,32.07%,45.87%,55.6%,82.95%,0%,0%
2025-05-15(四),App-2,CPI,美国,8426,8.4%,14.94%,25.58%,41%,55.48%,86.3%,0%,0%
2025-05-15(四),App-3,CPI,美国,5484,8.89%,20.69%,36.34%,45.94%,82.06%,179.05%,0%,0%
2025-05-15(四),App-4,CPI,美国,2296,13.57%,28.35%,44.32%,62.88%,73.78%,121.93%,0%,0%
2025-05-15(四),App-5,CPI,美国,890,5.19%,11.77%,15.17%,19.05%,25.41%,34.37%,0%,0%
2025-05-15(四),App-3,CPI,英国,1217,11.15%,18.61%,31.26%,52%,87.1%,99.22%,0%,0%
2025-05-15(四),App-1,CPI,英国,662,3.32%,9.58%,26.51%,69.03%,202.68%,375.64%,0%,0%
2025-05-15(四),App-4,CPI,英国,320,3.49%,6.35%,10.1%,18.91%,32.66%,40.02%,0%,0%
2025-05-15(四),App-2,CPI,英国,806,5.59%,7.18%,8.8%,20.53%,38.02%,86.14%,0%,0%
2025-05-15(四),App-5,CPI,英国,175,5.21%,12.16%,225.46%,274.28%,349.21%,377.29%,0%,0%
2025-05-16(五),App-1,CPI,美国,3724,11.33%,26.73%,39.55%,61.79%,89.43%,239.92%,0%,0%
2025-05-16(五),App-2,CPI,美国,3814,6.85%,11.6%,24.7%,50.64%,57.32%,66.99%,0%,0%
2025-05-16(五),App-3,CPI,美国,5486,12.65%,28.68%,36.77%,58.91%,72.84%,108.93%,0%,0%
2025-05-16(五),App-4,CPI,美国,2461,6.91%,9.61%,16.34%,24.64%,35.57%,54.25%,0%,0%
2025-05-16(五),App-5,CPI,美国,1014,10.45%,11.18%,12.73%,15.97%,25.54%,27.9%,0%,0%
2025-05-16(五),App-3,CPI,英国,845,7.44%,19.47%,28.73%,41.5%,64.58%,72.8%,0%,0%
2025-05-16(五),App-1,CPI,英国,756,7.91%,15.89%,22.33%,30.63%,43.95%,60.55%,0%,0%
2025-05-16(五),App-4,CPI,英国,351,3.31%,55.29%,158.31%,306.83%,653.26%,882.03%,0%,0%
2025-05-16(五),App-2,CPI,英国,893,2.02%,5.11%,6.48%,7.77%,9.16%,10.55%,0%,0%
2025-05-16(五),App-5,CPI,英国,249,1.89%,1.96%,2.55%,3.73%,6.22%,8.46%,0%,0%
2025-05-17(六),App-1,CPI,美国,3482,7.91%,16.19%,27.63%,42.6%,71.7%,103.99%,0%,0%
2025-05-17(六),App-2,CPI,美国,3245,5.58%,13.76%,27.03%,34.32%,45.57%,66.51%,0%,0%
2025-05-17(六),App-3,CPI,美国,3245,20.26%,41.56%,70.1%,109.99%,180.3%,237.6%,0%,0%
2025-05-17(六),App-4,CPI,美国,1691,3.27%,5.47%,8.92%,15.19%,23.81%,56.86%,0%,0%
2025-05-17(六),App-5,CPI,美国,471,18.18%,32.61%,35.47%,39.02%,40.79%,42.64%,0%,0%
2025-05-17(六),App-3,CPI,英国,709,9.69%,12.58%,19.54%,27.42%,33.19%,35.25%,0%,0%
2025-05-17(六),App-1,CPI,英国,959,12.17%,22.58%,23.21%,23.92%,26.87%,32.7%,0%,0%
2025-05-17(六),App-4,CPI,英国,340,3.72%,6.18%,9.99%,12.17%,15.24%,23.51%,0%,0%
2025-05-17(六),App-2,CPI,英国,643,30.93%,31.67%,71.64%,90.95%,132.54%,182.66%,0%,0%
2025-05-17(六),App-5,CPI,英国,193,15.84%,29.73%,45.83%,75.69%,360.63%,514.8%,0%,0%
2025-05-18(日),App-1,CPI,美国,3844,7.51%,13.53%,27.97%,60.68%,119.74%,184.27%,0%,0%
2025-05-18(日),App-2,CPI,美国,3105,14.9%,27.16%,37.13%,54.01%,65.26%,70%,0%,0%
2025-05-18(日),App-3,CPI,美国,3296,8.65%,12.8%,18.69%,34.72%,48.16%,59%,0%,0%
2025-05-18(日),App-4,CPI,美国,1363,3.65%,51.49%,80.47%,170.97%,285%,319.89%,0%,0%
2025-05-18(日),App-5,CPI,美国,329,4.24%,22.24%,51.69%,102%,114.28%,115.05%,0%,0%
2025-05-18(日),App-3,CPI,英国,356,7.66%,23.42%,69.45%,144.28%,688.66%,"1,019.35%",0%,0%
2025-05-18(日),App-1,CPI,英国,1054,16.02%,19.48%,28.77%,36.6%,45.88%,57.99%,0%,0%
2025-05-18(日),App-4,CPI,英国,192,9.36%,39.03%,57.32%,157.68%,234.55%,234.66%,0%,0%
2025-05-18(日),App-2,CPI,英国,510,29.87%,31.12%,43.94%,48.96%,50.08%,60.74%,0%,0%
2025-05-18(日),App-5,CPI,英国,151,16.4%,21.29%,94.48%,98.92%,102.98%,229.82%,0%,0%
2025-05-19(一),App-1,CPI,美国,4547,9.55%,26.29%,58.05%,128.9%,170.99%,222.54%,0%,0%
2025-05-19(一),App-2,CPI,美国,4681,4.83%,11.9%,22.08%,31.27%,57.53%,83.81%,0%,0%
2025-05-19(一),App-3,CPI,美国,3459,14.88%,21.56%,35.82%,56.71%,120.05%,255.72%,0%,0%
2025-05-19(一),App-4,CPI,美国,1235,7.77%,12.07%,22.9%,33.99%,44.37%,50.14%,0%,0%
2025-05-19(一),App-5,CPI,美国,493,3.53%,5.52%,6.77%,18.57%,18.62%,20.01%,0%,0%
2025-05-19(一),App-3,CPI,英国,253,1.13%,3.26%,14.45%,21.25%,25%,25.86%,0%,0%
2025-05-19(一),App-1,CPI,英国,1518,12.35%,22.21%,49.78%,97%,238.98%,302.1%,0%,0%
2025-05-19(一),App-4,CPI,英国,297,8.4%,144.71%,348.3%,435.02%,831.99%,965.56%,0%,0%
2025-05-19(一),App-2,CPI,英国,566,13.12%,17.98%,18.68%,19.92%,20.17%,21.16%,0%,0%
2025-05-19(一),App-5,CPI,英国,91,8.31%,12.35%,16.69%,20.28%,27.31%,28.67%,0%,0%
2025-05-20(二),App-1,CPI,美国,5656,15.17%,20.59%,30.26%,57.22%,85.21%,122.97%,0%,0%
2025-05-20(二),App-2,CPI,美国,4538,4.63%,7.02%,14.28%,17.9%,19.79%,37.56%,0%,0%
2025-05-20(二),App-3,CPI,美国,2380,9.8%,25.41%,41.74%,72.34%,120.51%,195.12%,0%,0%
2025-05-20(二),App-4,CPI,美国,1338,9.77%,18.02%,33.83%,84.09%,122.59%,213.03%,0%,0%
2025-05-20(二),App-5,CPI,美国,792,4.24%,7.97%,12.38%,31.5%,52.22%,64.74%,0%,0%
2025-05-20(二),App-3,CPI,英国,548,2.12%,11.59%,12.68%,50.58%,112.34%,230.07%,0%,0%
2025-05-20(二),App-1,CPI,英国,1578,4.58%,5.91%,7.44%,9.92%,11.33%,13.29%,0%,0%
2025-05-20(二),App-4,CPI,英国,302,3.09%,10.59%,14.99%,20.49%,30.26%,105.05%,0%,0%
2025-05-20(二),App-2,CPI,英国,831,1.81%,5.41%,8.76%,11.63%,12.8%,35.64%,0%,0%
2025-05-20(二),App-5,CPI,英国,242,15.17%,82.18%,100.64%,140.77%,187.57%,"1,004.01%",0%,0%
2025-05-21(三),App-1,CPI,美国,4745,11.77%,29.81%,38.84%,75.91%,108.4%,139.35%,0%,0%
2025-05-21(三),App-2,CPI,美国,2729,16.57%,25.26%,49.15%,80.99%,85.27%,110.81%,0%,0%
2025-05-21(三),App-3,CPI,美国,2455,23.67%,33.97%,62.46%,107.42%,201.69%,287%,0%,0%
2025-05-21(三),App-4,CPI,美国,875,3.84%,10.6%,29.78%,47.14%,50.75%,66.04%,0%,0%
2025-05-21(三),App-5,CPI,美国,426,3.02%,12.29%,22.12%,39.46%,79.16%,100.23%,0%,0%
2025-05-21(三),App-3,CPI,英国,1004,8.86%,12.38%,13.24%,17%,30.03%,70.18%,0%,0%
2025-05-21(三),App-1,CPI,英国,2150,5.85%,13.5%,16.23%,24.49%,29.5%,40.29%,0%,0%
2025-05-21(三),App-4,CPI,英国,235,9.17%,10.22%,17.74%,25.29%,31.82%,44.02%,0%,0%
2025-05-21(三),App-2,CPI,英国,361,22.21%,64.31%,68.42%,78.57%,88.47%,104.25%,0%,0%
2025-05-21(三),App-5,CPI,英国,342,3.07%,3.82%,44.89%,238.78%,267%,271.54%,0%,0%
2025-05-22(四),App-1,CPI,美国,5286,7.41%,12.65%,26.89%,53.88%,81.96%,171.09%,0%,0%
2025-05-22(四),App-2,CPI,美国,2562,9.89%,17.41%,25.52%,43.6%,126.32%,264.93%,0%,0%
2025-05-22(四),App-3,CPI,美国,2778,8.82%,19.88%,64.27%,79.26%,108.87%,169.01%,0%,0%
2025-05-22(四),App-4,CPI,美国,1678,9.46%,17.52%,27.92%,47.97%,61.74%,105.42%,0%,0%
2025-05-22(四),App-5,CPI,美国,811,12.32%,15.17%,21.6%,24.43%,25.85%,26.1%,0%,0%
2025-05-22(四),App-3,CPI,英国,377,17.22%,18.23%,19.34%,19.98%,20.4%,20.53%,0%,0%
2025-05-22(四),App-1,CPI,英国,1476,4.64%,7.73%,10.79%,14.15%,24.41%,41.25%,0%,0%
2025-05-22(四),App-4,CPI,英国,412,4.15%,23.16%,65.36%,123.13%,385.98%,"1,202.77%",0%,0%
2025-05-22(四),App-2,CPI,英国,260,14.63%,19.68%,32.82%,45.4%,58.07%,108.65%,0%,0%
2025-05-22(四),App-5,CPI,英国,222,0.18%,3.2%,6.73%,6.73%,7.9%,12.79%,0%,0%
2025-05-23(五),App-1,CPI,美国,5187,8.58%,15.45%,28.18%,40.15%,54.27%,108.03%,0%,0%
2025-05-23(五),App-2,CPI,美国,2233,1.62%,3.03%,6.55%,14.32%,19.85%,21.55%,0%,0%
2025-05-23(五),App-3,CPI,美国,3400,7.64%,11.23%,33.98%,43.7%,97.51%,185.6%,0%,0%
2025-05-23(五),App-4,CPI,美国,1259,2.16%,5.4%,9.78%,14.85%,20.87%,35.89%,0%,0%
2025-05-23(五),App-5,CPI,美国,504,8.72%,14.56%,17.37%,26.63%,27.17%,27.95%,0%,0%
2025-05-23(五),App-3,CPI,英国,946,7.05%,15.87%,26.61%,35.38%,40.61%,48.07%,0%,0%
2025-05-23(五),App-1,CPI,英国,1739,6.81%,9.99%,16.02%,48.61%,60.86%,64.18%,0%,0%
2025-05-23(五),App-4,CPI,英国,260,8.22%,10.65%,17.32%,20.2%,25.37%,28.92%,0%,0%
2025-05-23(五),App-2,CPI,英国,434,0.91%,1.25%,1.37%,2.83%,2.91%,3.27%,0%,0%
2025-05-23(五),App-5,CPI,英国,416,24.35%,92.75%,440.39%,581.43%,640.5%,645.13%,0%,0%
2025-05-24(六),App-1,CPI,美国,4842,9.1%,12.31%,22.47%,40.19%,76.67%,109.84%,0%,0%
2025-05-24(六),App-2,CPI,美国,3514,7.3%,9.49%,16.3%,18.91%,40.07%,64.97%,0%,0%
2025-05-24(六),App-3,CPI,美国,2905,7.89%,16.6%,21.84%,33.32%,68.54%,167.73%,0%,0%
2025-05-24(六),App-4,CPI,美国,1265,3.31%,9.79%,12.79%,25.52%,60.67%,87.36%,0%,0%
2025-05-24(六),App-5,CPI,美国,647,7.41%,18.86%,53.32%,61.61%,121.1%,166.43%,0%,0%
2025-05-24(六),App-3,CPI,英国,1312,9.68%,16.22%,27.51%,35.43%,36.76%,38.54%,0%,0%
2025-05-24(六),App-1,CPI,英国,2020,9.5%,27.02%,35.08%,44.77%,50.44%,70.46%,0%,0%
2025-05-24(六),App-4,CPI,英国,500,4.34%,10.78%,15.65%,20.05%,23.45%,27.34%,0%,0%
2025-05-24(六),App-2,CPI,英国,516,31.25%,76.26%,107.91%,117.79%,122.53%,148.25%,0%,0%
2025-05-24(六),App-5,CPI,英国,265,2.66%,2.88%,9.21%,16.39%,108.38%,116.56%,0%,0%
2025-05-25(日),App-1,CPI,美国,5900,6.01%,13.24%,25.07%,36.03%,45.88%,62.55%,0%,0%
2025-05-25(日),App-2,CPI,美国,4810,14.33%,28.6%,31.29%,49%,72.17%,118.08%,0%,0%
2025-05-25(日),App-3,CPI,美国,9910,6.38%,11.07%,18.02%,29.71%,40.73%,93.81%,0%,0%
2025-05-25(日),App-4,CPI,美国,1701,15.77%,35.42%,53.69%,97.96%,133.73%,179.44%,0%,0%
2025-05-25(日),App-5,CPI,美国,632,8.61%,13.66%,19.4%,28.72%,38.72%,45.49%,0%,0%
2025-05-25(日),App-3,CPI,英国,1838,4.76%,9.16%,12.56%,16.72%,22.96%,47.9%,0%,0%
2025-05-25(日),App-1,CPI,英国,1401,11.85%,13.25%,24.63%,33.12%,44.86%,45.67%,0%,0%
2025-05-25(日),App-4,CPI,英国,387,22.31%,24.4%,25.55%,28.08%,29.68%,34.21%,0%,0%
2025-05-25(日),App-2,CPI,英国,510,9.34%,9.79%,12.52%,13.16%,13.9%,14.37%,0%,0%
2025-05-25(日),App-5,CPI,英国,271,10.01%,13.78%,18.02%,24.19%,40.13%,60.39%,0%,0%
2025-05-26(一),App-1,CPI,美国,3345,10.71%,19.99%,33.28%,56.48%,88.55%,132.35%,0%,0%
2025-05-26(一),App-2,CPI,美国,2376,3.08%,5.19%,7.81%,16.28%,28.07%,32.74%,0%,0%
2025-05-26(一),App-3,CPI,美国,9665,9.7%,12.86%,18.29%,29.57%,45.4%,57.06%,0%,0%
2025-05-26(一),App-4,CPI,美国,1945,20.29%,35%,48.43%,64.06%,72.09%,94.29%,0%,0%
2025-05-26(一),App-5,CPI,美国,683,20.83%,38.9%,44.37%,98.03%,133.91%,191.18%,0%,0%
2025-05-26(一),App-3,CPI,英国,1529,14%,15.65%,34.82%,37.85%,51.1%,103.33%,0%,0%
2025-05-26(一),App-1,CPI,英国,1688,6.28%,15.68%,27.37%,28.51%,31.95%,38.19%,0%,0%
2025-05-26(一),App-4,CPI,英国,312,27.97%,28.09%,28.69%,67.41%,83.21%,165.13%,0%,0%
2025-05-26(一),App-2,CPI,英国,273,8.96%,10.11%,18.49%,22.69%,32.7%,37.25%,0%,0%
2025-05-26(一),App-5,CPI,英国,328,7.52%,18.22%,43.08%,43.46%,44.43%,54.45%,0%,0%
2025-05-27(二),App-1,CPI,美国,5140,5.4%,9.76%,14.13%,30.45%,55.41%,106.06%,0%,0%
2025-05-27(二),App-2,CPI,美国,3190,11.82%,15.8%,31.85%,36.29%,57.51%,81.92%,0%,0%
2025-05-27(二),App-3,CPI,美国,5834,12.63%,30.59%,57.01%,94.3%,134.83%,174.09%,0%,0%
2025-05-27(二),App-4,CPI,美国,1308,7.26%,12.86%,24.08%,37.76%,59.98%,80.06%,0%,0%
2025-05-27(二),App-5,CPI,美国,516,12.45%,25.46%,34.42%,42.23%,60.09%,99.81%,0%,0%
2025-05-27(二),App-3,CPI,英国,1267,7.52%,13.95%,16.73%,18.33%,21.3%,23.12%,0%,0%
2025-05-27(二),App-1,CPI,英国,2360,25.83%,55.14%,70.4%,143.36%,193.35%,364.11%,0%,0%
2025-05-27(二),App-4,CPI,英国,478,8.56%,13.38%,18.48%,33.83%,34.98%,41.91%,0%,0%
2025-05-27(二),App-2,CPI,英国,406,7.05%,7.69%,9.99%,13.15%,13.83%,15.49%,0%,0%
2025-05-27(二),App-5,CPI,英国,177,0.63%,0.71%,1.74%,1.92%,3.23%,4.38%,0%,0%
2025-05-28(三),App-1,CPI,美国,5115,6.86%,15.34%,30.06%,42.27%,67.21%,108.91%,0%,0%
2025-05-28(三),App-2,CPI,美国,3072,1.71%,4.84%,6.99%,17.51%,55.89%,58.57%,0%,0%
2025-05-28(三),App-3,CPI,美国,4491,10.45%,18.57%,27.66%,36.53%,46.97%,66.46%,0%,0%
2025-05-28(三),App-4,CPI,美国,1039,4.67%,8.44%,11.29%,13.79%,20.39%,28.29%,0%,0%
2025-05-28(三),App-5,CPI,美国,531,27.61%,64.31%,157.96%,273.46%,403.53%,815.1%,0%,0%
2025-05-28(三),App-3,CPI,英国,789,10.83%,18%,25.24%,33.43%,50.4%,84.08%,0%,0%
2025-05-28(三),App-1,CPI,英国,1795,12.2%,16.44%,24.01%,30%,43%,45.66%,0%,0%
2025-05-28(三),App-4,CPI,英国,384,6.14%,19.74%,32.75%,56.91%,76.97%,82.92%,0%,0%
2025-05-28(三),App-2,CPI,英国,374,4.46%,7.28%,12.02%,26.13%,27.53%,40.3%,0%,0%
2025-05-28(三),App-5,CPI,英国,319,3.23%,3.71%,5.06%,10.87%,13.01%,14.33%,0%,0%
2025-05-29(四),App-1,CPI,美国,9199,9.66%,17.37%,25.6%,55.65%,82.67%,168.56%,0%,0%
2025-05-29(四),App-2,CPI,美国,2218,9.79%,13.68%,19.48%,25.54%,48.11%,60.32%,0%,0%
2025-05-29(四),App-3,CPI,美国,3130,12%,17.44%,26.16%,62.91%,159.68%,312.04%,0%,0%
2025-05-29(四),App-4,CPI,美国,775,10.28%,16.27%,33.06%,51.75%,80.81%,127.55%,0%,0%
2025-05-29(四),App-5,CPI,美国,522,4.3%,5.13%,5.57%,6.28%,6.6%,7.14%,0%,0%
2025-05-29(四),App-3,CPI,英国,613,6.47%,11.16%,12.26%,16.15%,17.05%,17.89%,0%,0%
2025-05-29(四),App-1,CPI,英国,1646,7.42%,11.11%,12.61%,15.4%,33.49%,"1,095.13%",0%,0%
2025-05-29(四),App-4,CPI,英国,283,7.08%,9.5%,11.33%,15.5%,16.7%,17.64%,0%,0%
2025-05-29(四),App-2,CPI,英国,93,0%,0.82%,62.41%,67.53%,68.03%,68.03%,0%,0%
2025-05-29(四),App-5,CPI,英国,186,2.1%,7.2%,29.85%,47.38%,48.85%,50.6%,0%,0%
2025-05-30(五),App-1,CPI,美国,6931,8.79%,19.24%,23.04%,35.14%,62.18%,100.6%,0%,0%
2025-05-30(五),App-2,CPI,美国,1531,6.13%,15.07%,25%,51.35%,120.92%,178.81%,0%,0%
2025-05-30(五),App-3,CPI,美国,3079,6.73%,10.26%,15.51%,24.46%,37.99%,50.65%,0%,0%
2025-05-30(五),App-4,CPI,美国,825,10.45%,15.06%,17.11%,21.27%,31.42%,46.68%,0%,0%
2025-05-30(五),App-5,CPI,美国,768,3.19%,7.22%,8.47%,11.22%,13.79%,27.23%,0%,0%
2025-05-30(五),App-3,CPI,英国,321,18.45%,19.3%,19.68%,22.65%,35.83%,56.44%,0%,0%
2025-05-30(五),App-1,CPI,英国,1326,11.31%,22.66%,27.39%,40.21%,117.33%,135.45%,0%,0%
2025-05-30(五),App-4,CPI,英国,306,400.19%,515.97%,709.18%,783.86%,"1,050.25%","1,294.47%",0%,0%
2025-05-30(五),App-2,CPI,英国,158,6.32%,8.33%,12.66%,16.52%,22.13%,24.6%,0%,0%
2025-05-30(五),App-5,CPI,英国,146,0.29%,0.72%,0.96%,1.74%,2.02%,2.06%,0%,0%
2025-05-31(六),App-1,CPI,美国,9740,4.83%,11.64%,19.74%,31.18%,55.94%,133.96%,0%,0%
2025-05-31(六),App-2,CPI,美国,1731,7.32%,14.33%,20.02%,24.31%,31.09%,34.07%,0%,0%
2025-05-31(六),App-3,CPI,美国,2160,10.04%,17.84%,20.73%,47.35%,85.5%,148.59%,0%,0%
2025-05-31(六),App-4,CPI,美国,875,1.97%,4.81%,7.19%,12.02%,30.64%,99.21%,0%,0%
2025-05-31(六),App-5,CPI,美国,732,3.96%,6.76%,8.58%,10.92%,14.86%,20.09%,0%,0%
2025-05-31(六),App-3,CPI,英国,481,3.72%,5.54%,7.62%,8.95%,9.3%,9.76%,0%,0%
2025-05-31(六),App-1,CPI,英国,1327,4.09%,4.92%,6.53%,15.99%,75.25%,273.42%,0%,0%
2025-05-31(六),App-4,CPI,英国,147,9.42%,28.07%,52.84%,112.87%,200.25%,332.44%,0%,0%
2025-05-31(六),App-2,CPI,英国,308,11.51%,21.9%,35.79%,44.65%,73.05%,86.84%,0%,0%
2025-05-31(六),App-5,CPI,英国,395,1.41%,1.76%,4.38%,11.69%,12.14%,12.68%,0%,0%
2025-06-01(日),App-1,CPI,美国,13519,8.66%,14.69%,25.37%,37.51%,50.23%,73.86%,0%,0%
2025-06-01(日),App-2,CPI,美国,2007,11.98%,14.08%,15.66%,16.81%,54.25%,58.83%,0%,0%
2025-06-01(日),App-3,CPI,美国,2194,16.2%,30.22%,54.3%,66.12%,87.24%,108.95%,0%,0%
2025-06-01(日),App-4,CPI,美国,784,22.9%,194.56%,199.37%,207.52%,374.21%,554.47%,0%,0%
2025-06-01(日),App-5,CPI,美国,988,8.57%,26.25%,36.91%,73.94%,173.01%,296.5%,0%,0%
2025-06-01(日),App-3,CPI,英国,417,2.54%,2.62%,4.34%,8.02%,11.91%,17.12%,0%,0%
2025-06-01(日),App-1,CPI,英国,1478,7%,11.88%,12.66%,30.26%,72.46%,156.4%,0%,0%
2025-06-01(日),App-4,CPI,英国,226,2.97%,5.38%,5.8%,10.66%,11.97%,14.63%,0%,0%
2025-06-01(日),App-2,CPI,英国,240,34.07%,59.58%,60.87%,61.64%,61.64%,62.12%,0%,0%
2025-06-01(日),App-5,CPI,英国,255,14.76%,38.28%,61.78%,96.63%,181.63%,365.23%,0%,0%
2025-06-02(一),App-1,CPI,美国,24013,7.45%,16.8%,23.94%,30.5%,42.56%,75.25%,0%,0%
2025-06-02(一),App-2,CPI,美国,1807,24.44%,30.65%,62.42%,95.94%,123.48%,146.6%,0%,0%
2025-06-02(一),App-3,CPI,美国,1816,11.85%,20.16%,32.13%,62.15%,114.16%,228.24%,0%,0%
2025-06-02(一),App-4,CPI,美国,1708,13.3%,23.23%,33.7%,53.27%,80.59%,150.65%,0%,0%
2025-06-02(一),App-5,CPI,美国,1079,2.7%,7.04%,10.75%,16.84%,36.71%,60.61%,0%,0%
2025-06-02(一),App-3,CPI,英国,156,3.91%,7.04%,8.13%,8.78%,8.78%,11.94%,0%,0%
2025-06-02(一),App-1,CPI,英国,1397,5.34%,13.88%,23.36%,31.95%,37.93%,85.5%,0%,0%
2025-06-02(一),App-4,CPI,英国,512,4.13%,4.9%,6.92%,11.36%,16.68%,39.02%,0%,0%
2025-06-02(一),App-2,CPI,英国,99,7.46%,34.47%,51.16%,92.97%,138.03%,259.41%,0%,0%
2025-06-02(一),App-5,CPI,英国,272,14.98%,26.74%,36.99%,40.62%,48.07%,60.41%,0%,0%
2025-06-03(二),App-1,CPI,美国,33045,8.48%,13.46%,24.42%,39.72%,58.01%,106.6%,0%,0%
2025-06-03(二),App-2,CPI,美国,952,15.44%,17.3%,19.69%,29.05%,52.51%,98.74%,0%,0%
2025-06-03(二),App-3,CPI,美国,1739,18.49%,34.44%,47.05%,90.36%,134.17%,253.74%,0%,0%
2025-06-03(二),App-4,CPI,美国,1020,6.64%,8.73%,14.39%,37.37%,41.62%,71.3%,0%,0%
2025-06-03(二),App-5,CPI,美国,932,4.83%,8.57%,11.53%,18.71%,24.17%,39.45%,0%,0%
2025-06-03(二),App-3,CPI,英国,283,9.66%,9.69%,9.91%,10.5%,12.13%,16.54%,0%,0%
2025-06-03(二),App-1,CPI,英国,2321,4.07%,5.95%,7.8%,9.79%,19.92%,37.18%,0%,0%
2025-06-03(二),App-4,CPI,英国,327,4.11%,24.44%,132.33%,231%,284.59%,400.73%,0%,0%
2025-06-03(二),App-2,CPI,英国,199,0.87%,1.22%,1.22%,1.37%,1.46%,1.46%,0%,0%
2025-06-03(二),App-5,CPI,英国,319,6.23%,26.78%,44.52%,45.14%,50.56%,64.59%,0%,0%
2025-06-04(三),App-1,CPI,美国,16687,7.78%,10.93%,18.22%,23.27%,38.94%,84.76%,0%,0%
2025-06-04(三),App-2,CPI,美国,1043,12.44%,19.43%,24.56%,35.48%,36.73%,41.22%,0%,0%
2025-06-04(三),App-3,CPI,美国,1848,7.65%,13.53%,17.07%,22.8%,34.67%,123.02%,0%,0%
2025-06-04(三),App-4,CPI,美国,1151,8.6%,19.57%,22.81%,30.38%,37.19%,40.47%,0%,0%
2025-06-04(三),App-5,CPI,美国,1066,19.54%,33.84%,53.48%,95.09%,139.18%,210.64%,0%,0%
2025-06-04(三),App-3,CPI,英国,189,1.81%,1.84%,1.91%,1.99%,2.06%,2.09%,0%,0%
2025-06-04(三),App-1,CPI,英国,1298,4.06%,5.51%,6.93%,10.19%,13.23%,15.51%,0%,0%
2025-06-04(三),App-4,CPI,英国,364,0.98%,1.15%,4.69%,17.97%,30.72%,375.72%,0%,0%
2025-06-04(三),App-2,CPI,英国,203,1.47%,1.79%,1.79%,1.79%,1.79%,1.79%,0%,0%
2025-06-04(三),App-5,CPI,英国,480,5.98%,7.22%,18.12%,18.46%,18.82%,19.05%,0%,0%
2025-06-05(四),App-1,CPI,美国,16570,7.8%,14.6%,24.51%,52.01%,81.83%,139.91%,0%,0%
2025-06-05(四),App-2,CPI,美国,935,4.32%,6.64%,16.7%,18.21%,28.73%,38.23%,0%,0%
2025-06-05(四),App-3,CPI,美国,4359,9.33%,15.5%,53.15%,59.81%,89.16%,137.12%,0%,0%
2025-06-05(四),App-4,CPI,美国,1218,13.01%,19.39%,27.21%,40.89%,56.67%,81.71%,0%,0%
2025-06-05(四),App-5,CPI,美国,2375,8.12%,14.57%,20.58%,32.05%,51.43%,74.75%,0%,0%
2025-06-05(四),App-3,CPI,英国,331,8.64%,13.12%,54.73%,134.83%,169.17%,301.55%,0%,0%
2025-06-05(四),App-1,CPI,英国,1055,12%,18.75%,28.32%,33.87%,55.87%,72.18%,0%,0%
2025-06-05(四),App-4,CPI,英国,412,4.64%,12.41%,17.9%,22.64%,26.02%,29.91%,0%,0%
2025-06-05(四),App-2,CPI,英国,72,12.07%,12.07%,12.07%,12.07%,12.07%,12.07%,0%,0%
2025-06-05(四),App-5,CPI,英国,746,3.2%,5.77%,9.08%,12.1%,14.27%,15.69%,0%,0%
2025-06-06(五),App-1,CPI,美国,13087,11.5%,22.56%,33.14%,47.68%,75.37%,133.4%,0%,0%
2025-06-06(五),App-2,CPI,美国,790,3.18%,5.98%,24.53%,79.69%,124.43%,225.13%,0%,0%
2025-06-06(五),App-3,CPI,美国,2432,18.31%,37.2%,62.11%,135.03%,247.35%,337.26%,0%,0%
2025-06-06(五),App-4,CPI,美国,2152,6.13%,15.8%,30.96%,76.35%,109.27%,232.52%,0%,0%
2025-06-06(五),App-5,CPI,美国,1953,9.55%,19.61%,28.86%,35.61%,41.05%,45.39%,0%,0%
2025-06-06(五),App-3,CPI,英国,212,2.24%,2.93%,5.05%,13.79%,22.37%,46.53%,0%,0%
2025-06-06(五),App-1,CPI,英国,1186,4.49%,7.46%,10.68%,15.13%,23.48%,34.64%,0%,0%
2025-06-06(五),App-4,CPI,英国,549,2.64%,5.59%,7.05%,10.15%,15.46%,21.73%,0%,0%
2025-06-06(五),App-2,CPI,英国,136,45.61%,45.61%,45.61%,50.46%,50.46%,50.46%,0%,0%
2025-06-06(五),App-5,CPI,英国,1116,8.91%,30.05%,55.92%,65.59%,75.2%,100.11%,0%,0%
2025-06-07(六),App-1,CPI,美国,8321,7.31%,11.03%,15.27%,23.93%,28.72%,44.54%,0%,0%
2025-06-07(六),App-2,CPI,美国,1364,5.2%,9.77%,13.85%,15.76%,18.95%,25.65%,0%,0%
2025-06-07(六),App-3,CPI,美国,2432,8.3%,13.61%,23.04%,63.65%,157.16%,248.93%,0%,0%
2025-06-07(六),App-4,CPI,美国,1928,10.66%,21.25%,31.76%,42.68%,57.08%,77.69%,0%,0%
2025-06-07(六),App-5,CPI,美国,2660,20.19%,31.95%,41.52%,50.88%,57.32%,82.35%,0%,0%
2025-06-07(六),App-3,CPI,英国,348,7.65%,8.36%,58.85%,138.41%,350.98%,808.91%,0%,0%
2025-06-07(六),App-1,CPI,英国,910,8.46%,9.58%,12.19%,14.94%,19.85%,24.19%,0%,0%
2025-06-07(六),App-4,CPI,英国,410,7.56%,10.65%,13.74%,26.73%,36.01%,54.05%,0%,0%
2025-06-07(六),App-2,CPI,英国,205,3.38%,33.49%,33.78%,37.26%,40.32%,40.32%,0%,0%
2025-06-07(六),App-5,CPI,英国,790,5.93%,17.56%,21.12%,25.12%,42.99%,57.48%,0%,0%
2025-06-08(日),App-1,CPI,美国,6757,37.9%,59.73%,78.25%,109.07%,306.15%,664.43%,0%,0%
2025-06-08(日),App-2,CPI,美国,2019,15.2%,18.14%,23.09%,29.4%,37.8%,51.79%,0%,0%
2025-06-08(日),App-3,CPI,美国,4627,15.43%,22.43%,36.97%,65.55%,131.39%,197.07%,0%,0%
2025-06-08(日),App-4,CPI,美国,1787,14.74%,35.85%,38.37%,46.6%,62.24%,92.85%,0%,0%
2025-06-08(日),App-5,CPI,美国,3548,9.48%,14.6%,23.61%,45.83%,78.75%,127.97%,0%,0%
2025-06-08(日),App-3,CPI,英国,411,2.74%,2.92%,3.17%,4.04%,4.13%,7.16%,0%,0%
2025-06-08(日),App-1,CPI,英国,871,15.62%,28.1%,35.38%,47.33%,80.28%,129.52%,0%,0%
2025-06-08(日),App-4,CPI,英国,385,20.06%,25.12%,27.34%,71.7%,79.28%,96.42%,0%,0%
2025-06-08(日),App-2,CPI,英国,321,0.35%,13.99%,68.57%,233.37%,454.21%,754.85%,0%,0%
2025-06-08(日),App-5,CPI,英国,700,37.88%,49.74%,53%,61.46%,99.78%,101.21%,0%,0%
2025-06-09(一),App-1,CPI,美国,7372,15.39%,22.39%,41.32%,85.62%,148.91%,251.97%,0%,0%
2025-06-09(一),App-2,CPI,美国,2388,13.57%,37.74%,49.76%,96.92%,121.36%,189.35%,0%,0%
2025-06-09(一),App-3,CPI,美国,4771,7.3%,10.76%,18.91%,45.84%,93.01%,158.37%,0%,0%
2025-06-09(一),App-4,CPI,美国,1968,11.57%,14.34%,22.35%,39.51%,48.58%,93.23%,0%,0%
2025-06-09(一),App-5,CPI,美国,3716,11%,14.56%,18.84%,35.02%,57.95%,80.79%,0%,0%
2025-06-09(一),App-3,CPI,英国,396,1.85%,3.02%,4.95%,6.42%,16.41%,44.8%,0%,0%
2025-06-09(一),App-1,CPI,英国,979,32.64%,35.68%,51.82%,74.22%,87.34%,303.75%,0%,0%
2025-06-09(一),App-4,CPI,英国,639,2.75%,11.76%,24.08%,38.33%,63.79%,93%,0%,0%
2025-06-09(一),App-2,CPI,英国,84,8.13%,16.93%,16.93%,16.93%,16.93%,16.93%,0%,0%
2025-06-09(一),App-5,CPI,英国,514,156.81%,157.69%,160.16%,163.69%,283.4%,374.42%,0%,0%
2025-06-10(二),App-1,CPI,美国,3582,10.61%,15.01%,20.48%,28.1%,48.39%,70.41%,0%,0%
2025-06-10(二),App-2,CPI,美国,1391,6.58%,10.89%,22.11%,51.52%,80.46%,118.52%,0%,0%
2025-06-10(二),App-3,CPI,美国,3649,7.87%,14.64%,24.35%,42.58%,73.76%,130.98%,0%,0%
2025-06-10(二),App-4,CPI,美国,1821,10.28%,33.55%,50.8%,120.89%,208.52%,420.01%,0%,0%
2025-06-10(二),App-5,CPI,美国,3091,10.96%,17.2%,22.86%,41.37%,73.39%,135.27%,0%,0%
2025-06-10(二),App-3,CPI,英国,473,11.63%,39.56%,67.75%,124.58%,197.4%,550.9%,0%,0%
2025-06-10(二),App-1,CPI,英国,503,6.12%,13.91%,19.48%,28.12%,36.51%,70.29%,0%,0%
2025-06-10(二),App-4,CPI,英国,241,0.65%,1.64%,2.77%,5.37%,35.96%,97.29%,0%,0%
2025-06-10(二),App-2,CPI,英国,428,22.52%,29.67%,31.13%,34.23%,37.34%,37.34%,0%,0%
2025-06-10(二),App-5,CPI,英国,844,10.56%,11.86%,20.67%,40.86%,52.69%,53.7%,0%,0%
2025-06-11(三),App-1,CPI,美国,6879,6.63%,10.08%,22.42%,33.02%,53.15%,114.72%,0%,0%
2025-06-11(三),App-2,CPI,美国,1791,8.24%,15.3%,20.96%,33.93%,43.6%,60.02%,0%,0%
2025-06-11(三),App-3,CPI,美国,3700,11.3%,14.21%,17.29%,20.88%,25.53%,36.75%,0%,0%
2025-06-11(三),App-4,CPI,美国,1500,17.71%,27.16%,53.95%,94.79%,126.34%,219.49%,0%,0%
2025-06-11(三),App-5,CPI,美国,4662,8.25%,11.85%,18.52%,28.18%,36.41%,48.67%,0%,0%
2025-06-11(三),App-3,CPI,英国,688,3.97%,6.12%,7.25%,8.98%,9.95%,11.09%,0%,0%
2025-06-11(三),App-1,CPI,英国,738,8.95%,12.91%,19.11%,31.79%,51.29%,79.45%,0%,0%
2025-06-11(三),App-4,CPI,英国,357,0.59%,0.8%,0.88%,0.92%,0.98%,1.03%,0%,0%
2025-06-11(三),App-2,CPI,英国,220,1.66%,2.94%,3.28%,5.18%,7.42%,8.43%,0%,0%
2025-06-11(三),App-5,CPI,英国,958,2.24%,3.82%,5.33%,7.85%,61.49%,141.55%,0%,0%
2025-06-12(四),App-1,CPI,美国,13560,6.3%,13.69%,26.43%,42.4%,99.07%,221.39%,0%,0%
2025-06-12(四),App-2,CPI,美国,1767,4.45%,7.27%,17.68%,24.88%,28.07%,44.25%,0%,0%
2025-06-12(四),App-3,CPI,美国,2797,7.18%,10.78%,13.66%,20.18%,37.25%,45.37%,0%,0%
2025-06-12(四),App-4,CPI,美国,2023,2.13%,6.4%,8.35%,16.48%,24.83%,44.35%,0%,0%
2025-06-12(四),App-5,CPI,美国,4329,6.16%,12.87%,24.34%,42.08%,61.67%,84.55%,0%,0%
2025-06-12(四),App-3,CPI,英国,666,4.56%,8.39%,11.63%,14.94%,22.28%,30.1%,0%,0%
2025-06-12(四),App-1,CPI,英国,1309,7.49%,9.9%,14.02%,41.21%,45.95%,51.16%,0%,0%
2025-06-12(四),App-4,CPI,英国,635,3.53%,6.7%,10.38%,20.2%,144.34%,580.93%,0%,0%
2025-06-12(四),App-2,CPI,英国,217,3%,5.11%,5.2%,11.46%,11.46%,11.46%,0%,0%
2025-06-12(四),App-5,CPI,英国,1062,4.33%,20.88%,24.4%,27.49%,32.38%,35.59%,0%,0%
2025-06-13(五),App-1,CPI,美国,6785,8.55%,16.15%,23.9%,44.91%,66.89%,147.35%,0%,0%
2025-06-13(五),App-2,CPI,美国,1608,5.91%,11.23%,16.86%,25.26%,36.58%,67.61%,0%,0%
2025-06-13(五),App-3,CPI,美国,1865,7.93%,10.4%,19.05%,29.99%,48.96%,105.11%,0%,0%
2025-06-13(五),App-4,CPI,美国,1435,15.63%,21.7%,28.77%,62.27%,148.65%,316.29%,0%,0%
2025-06-13(五),App-5,CPI,美国,3207,6.19%,14.43%,24.08%,41.21%,56.68%,85.83%,0%,0%
2025-06-13(五),App-3,CPI,英国,501,3.62%,4.66%,8.24%,9.7%,18.53%,37.54%,0%,0%
2025-06-13(五),App-1,CPI,英国,767,5.16%,10.24%,16.25%,19.68%,23.73%,28.54%,0%,0%
2025-06-13(五),App-4,CPI,英国,849,6.5%,9.41%,15.18%,44.08%,79.65%,114.45%,0%,0%
2025-06-13(五),App-2,CPI,英国,449,5.74%,10.86%,13.51%,18.29%,19.34%,22.42%,0%,0%
2025-06-13(五),App-5,CPI,英国,573,12.17%,33.79%,36.79%,64.37%,97.93%,130.92%,0%,0%
2025-06-14(六),App-1,CPI,美国,3282,5.61%,10.2%,14.65%,28.3%,47.31%,0%,0%,0%
2025-06-14(六),App-2,CPI,美国,1451,21.17%,24.66%,35.69%,53.01%,68.61%,0%,0%,0%
2025-06-14(六),App-3,CPI,美国,2783,6.48%,15.39%,26.55%,59%,107.73%,0%,0%,0%
2025-06-14(六),App-4,CPI,美国,1759,14.31%,21.12%,36.87%,81.44%,88.3%,0%,0%,0%
2025-06-14(六),App-5,CPI,美国,3710,9.84%,14.78%,23.54%,38.54%,52.87%,0%,0%,0%
2025-06-14(六),App-3,CPI,英国,908,3.49%,4.15%,4.67%,5.11%,6.31%,0%,0%,0%
2025-06-14(六),App-1,CPI,英国,594,3.08%,11.26%,20.52%,55.43%,91.01%,0%,0%,0%
2025-06-14(六),App-4,CPI,英国,782,24.5%,35.55%,42.15%,56.35%,65.99%,0%,0%,0%
2025-06-14(六),App-2,CPI,英国,331,16.02%,63.23%,63.72%,129.02%,130.14%,0%,0%,0%
2025-06-14(六),App-5,CPI,英国,878,3.02%,7.25%,13.88%,18.84%,40.35%,0%,0%,0%
2025-06-15(日),App-1,CPI,美国,4687,11.34%,18.03%,29.55%,35.17%,50.97%,0%,0%,0%
2025-06-15(日),App-2,CPI,美国,2396,5.9%,13.13%,14.37%,15.89%,18.32%,0%,0%,0%
2025-06-15(日),App-3,CPI,美国,1786,7.51%,12.58%,19.59%,26.98%,38.94%,0%,0%,0%
2025-06-15(日),App-4,CPI,美国,1579,13.37%,19.19%,26.18%,39.38%,70.3%,0%,0%,0%
2025-06-15(日),App-5,CPI,美国,3885,10.09%,20.04%,33.73%,45.41%,62.09%,0%,0%,0%
2025-06-15(日),App-3,CPI,英国,633,8.57%,12.45%,16.82%,22.11%,26.71%,0%,0%,0%
2025-06-15(日),App-1,CPI,英国,964,12.91%,14.33%,20.32%,23.67%,41.3%,0%,0%,0%
2025-06-15(日),App-4,CPI,英国,731,12.22%,16.15%,19.99%,39.18%,48.58%,0%,0%,0%
2025-06-15(日),App-2,CPI,英国,316,10.58%,14.96%,17.22%,20.71%,23.29%,0%,0%,0%
2025-06-15(日),App-5,CPI,英国,603,2.14%,5.42%,8.55%,10.93%,12.79%,0%,0%,0%
2025-06-16(一),App-1,CPI,美国,3858,19.19%,25.17%,38.53%,48.46%,115.18%,0%,0%,0%
2025-06-16(一),App-2,CPI,美国,2079,18.83%,34.09%,40.4%,47.9%,55.31%,0%,0%,0%
2025-06-16(一),App-3,CPI,美国,1992,23.98%,31.3%,40.02%,63.06%,142.97%,0%,0%,0%
2025-06-16(一),App-4,CPI,美国,1149,12.75%,19.74%,29.67%,42.33%,50.91%,0%,0%,0%
2025-06-16(一),App-5,CPI,美国,4216,6.35%,9.13%,14.35%,20.03%,39.53%,0%,0%,0%
2025-06-16(一),App-3,CPI,英国,545,9.45%,13.06%,15.42%,20.41%,25.23%,0%,0%,0%
2025-06-16(一),App-1,CPI,英国,712,5.94%,11.67%,18.29%,28.81%,36.06%,0%,0%,0%
2025-06-16(一),App-4,CPI,英国,853,1.52%,3.18%,10.7%,11.79%,13.66%,0%,0%,0%
2025-06-16(一),App-2,CPI,英国,128,2.18%,13.14%,26.75%,39.42%,46.94%,0%,0%,0%
2025-06-16(一),App-5,CPI,英国,847,4.05%,5.49%,6.58%,8.02%,9.37%,0%,0%,0%
2025-06-17(二),App-1,CPI,美国,8758,6.67%,10.34%,19.57%,35.17%,51.89%,0%,0%,0%
2025-06-17(二),App-2,CPI,美国,1689,13.5%,25.94%,28.33%,32.05%,41.45%,0%,0%,0%
2025-06-17(二),App-3,CPI,美国,2247,11.51%,23.25%,45.7%,79.13%,148.77%,0%,0%,0%
2025-06-17(二),App-4,CPI,美国,1115,3.18%,5.91%,10.34%,18.05%,27.31%,0%,0%,0%
2025-06-17(二),App-5,CPI,美国,4672,10.28%,16.98%,30.79%,39.92%,51.82%,0%,0%,0%
2025-06-17(二),App-3,CPI,英国,564,2.64%,5.06%,7.31%,8.62%,25.94%,0%,0%,0%
2025-06-17(二),App-1,CPI,英国,1024,4.48%,34.88%,91.76%,106.04%,114.09%,0%,0%,0%
2025-06-17(二),App-4,CPI,英国,559,1.88%,3.38%,4.38%,5.64%,7.62%,0%,0%,0%
2025-06-17(二),App-2,CPI,英国,235,71.01%,73.02%,77.23%,81.09%,84.81%,0%,0%,0%
2025-06-17(二),App-5,CPI,英国,748,33.57%,60.69%,94.44%,153.12%,236.99%,0%,0%,0%
2025-06-18(三),App-1,CPI,美国,12225,9.96%,16.52%,25.94%,40.12%,67.84%,0%,0%,0%
2025-06-18(三),App-2,CPI,美国,1715,19%,48.48%,65.26%,89.63%,123.25%,0%,0%,0%
2025-06-18(三),App-3,CPI,美国,3058,5.98%,8.98%,12.19%,23.04%,33.18%,0%,0%,0%
2025-06-18(三),App-4,CPI,美国,1341,3.44%,11.43%,34.64%,63.91%,85.37%,0%,0%,0%
2025-06-18(三),App-5,CPI,美国,3248,5.64%,8.88%,13.6%,17.13%,27.07%,0%,0%,0%
2025-06-18(三),App-3,CPI,英国,833,3.34%,4.61%,7.66%,9.77%,12.95%,0%,0%,0%
2025-06-18(三),App-1,CPI,英国,1479,4.29%,7.35%,23.4%,31.58%,81.42%,0%,0%,0%
2025-06-18(三),App-4,CPI,英国,683,3.78%,5.55%,7.01%,8.11%,9.49%,0%,0%,0%
2025-06-18(三),App-2,CPI,英国,184,1.77%,2.5%,4.01%,5.64%,9.46%,0%,0%,0%
2025-06-18(三),App-5,CPI,英国,1244,4.18%,5.96%,8.59%,10.31%,19.35%,0%,0%,0%
2025-06-19(四),App-1,CPI,美国,12840,16.12%,22.04%,32.91%,58.9%,91.62%,0%,0%,0%
2025-06-19(四),App-2,CPI,美国,1425,42.35%,43.73%,49.89%,70.88%,117.87%,0%,0%,0%
2025-06-19(四),App-3,CPI,美国,2517,18.01%,23.08%,31.02%,56.66%,63.87%,0%,0%,0%
2025-06-19(四),App-4,CPI,美国,1493,3.22%,5.07%,18.58%,33.39%,52.99%,0%,0%,0%
2025-06-19(四),App-5,CPI,美国,3090,13.07%,22.84%,29.33%,45.96%,117.6%,0%,0%,0%
2025-06-19(四),App-3,CPI,英国,456,3.31%,6.98%,8.86%,10.96%,13.63%,0%,0%,0%
2025-06-19(四),App-1,CPI,英国,1232,8.73%,11.28%,17.22%,30.72%,39.73%,0%,0%,0%
2025-06-19(四),App-4,CPI,英国,426,1.73%,3.43%,6.16%,43.92%,51.87%,0%,0%,0%
2025-06-19(四),App-2,CPI,英国,360,4.39%,5.82%,6.46%,7.14%,7.3%,0%,0%,0%
2025-06-19(四),App-5,CPI,英国,1190,2.2%,4.67%,12.14%,56.99%,106.06%,0%,0%,0%
2025-06-20(五),App-1,CPI,美国,11817,6.53%,9.06%,14.02%,24.2%,44.74%,0%,0%,0%
2025-06-20(五),App-2,CPI,美国,2195,13.06%,25.21%,35.44%,50.49%,79.21%,0%,0%,0%
2025-06-20(五),App-3,CPI,美国,2407,5.66%,8.81%,16.88%,24.26%,85.22%,0%,0%,0%
2025-06-20(五),App-4,CPI,美国,1453,5.28%,11.17%,19.82%,36.2%,62.31%,0%,0%,0%
2025-06-20(五),App-5,CPI,美国,3620,7.97%,19.18%,30.42%,50%,79.98%,0%,0%,0%
2025-06-20(五),App-3,CPI,英国,353,4.49%,12.9%,18.43%,23.97%,38.5%,0%,0%,0%
2025-06-20(五),App-1,CPI,英国,1030,10.5%,11.18%,30.71%,31.53%,46.56%,0%,0%,0%
2025-06-20(五),App-4,CPI,英国,539,3.68%,23.09%,67.69%,79.06%,85.02%,0%,0%,0%
2025-06-20(五),App-2,CPI,英国,247,0.93%,2.51%,4.11%,7.43%,7.49%,0%,0%,0%
2025-06-20(五),App-5,CPI,英国,758,8.43%,12.27%,13.81%,15.82%,18.12%,0%,0%,0%
2025-06-21(六),App-1,CPI,美国,10369,12.14%,19.36%,29.58%,42.05%,62.15%,0%,0%,0%
2025-06-21(六),App-2,CPI,美国,2577,6.03%,7.76%,10.17%,11.24%,13.01%,0%,0%,0%
2025-06-21(六),App-3,CPI,美国,1589,11.18%,12.95%,16.03%,28.65%,41.63%,0%,0%,0%
2025-06-21(六),App-4,CPI,美国,1716,6.48%,11.06%,52.59%,56.45%,63.18%,0%,0%,0%
2025-06-21(六),App-5,CPI,美国,2796,7.96%,15.57%,23.47%,43.26%,61.44%,0%,0%,0%
2025-06-21(六),App-3,CPI,英国,383,4.09%,9.5%,16.39%,20.91%,28.32%,0%,0%,0%
2025-06-21(六),App-1,CPI,英国,1363,4.34%,7.83%,9.75%,13.02%,13.56%,0%,0%,0%
2025-06-21(六),App-4,CPI,英国,346,18.29%,31.13%,35.33%,108.92%,113.4%,0%,0%,0%
2025-06-21(六),App-2,CPI,英国,108,9.26%,99.52%,216.63%,764.68%,"1,194.96%",0%,0%,0%
2025-06-21(六),App-5,CPI,英国,939,29.4%,35.45%,47.84%,74.98%,94.5%,0%,0%,0%
2025-06-22(日),App-1,CPI,美国,9226,8.67%,16.11%,28.6%,33.94%,53.19%,0%,0%,0%
2025-06-22(日),App-2,CPI,美国,3318,7%,12.46%,22.18%,25.97%,57.1%,0%,0%,0%
2025-06-22(日),App-3,CPI,美国,1503,5.46%,10.82%,16.27%,22.72%,43.05%,0%,0%,0%
2025-06-22(日),App-4,CPI,美国,1502,6.2%,10.3%,14.54%,18.38%,28.57%,0%,0%,0%
2025-06-22(日),App-5,CPI,美国,2674,8.96%,18.85%,25.14%,43.77%,58.5%,0%,0%,0%
2025-06-22(日),App-3,CPI,英国,489,0.9%,33.97%,51.1%,69.49%,102.66%,0%,0%,0%
2025-06-22(日),App-1,CPI,英国,1179,5.85%,11.56%,20.6%,57.71%,185.69%,0%,0%,0%
2025-06-22(日),App-4,CPI,英国,853,11.01%,28.39%,58.01%,108.69%,167.56%,0%,0%,0%
2025-06-22(日),App-2,CPI,英国,290,3.23%,9.89%,15.85%,40.58%,96.16%,0%,0%,0%
2025-06-22(日),App-5,CPI,英国,1196,2.98%,5.64%,8.88%,11.7%,13.74%,0%,0%,0%
2025-06-23(一),App-1,CPI,美国,9771,7.48%,9.83%,14.75%,19.47%,42.52%,0%,0%,0%
2025-06-23(一),App-2,CPI,美国,3398,2.79%,4.46%,6.21%,9.08%,13.59%,0%,0%,0%
2025-06-23(一),App-3,CPI,美国,1560,6.59%,7.65%,10.55%,14.94%,17.67%,0%,0%,0%
2025-06-23(一),App-4,CPI,美国,1818,4.46%,10.17%,17.02%,23.83%,31.29%,0%,0%,0%
2025-06-23(一),App-5,CPI,美国,3682,9.78%,19.42%,27.14%,39.35%,59.43%,0%,0%,0%
2025-06-23(一),App-3,CPI,英国,403,15.51%,24.95%,34.84%,99.01%,148.93%,0%,0%,0%
2025-06-23(一),App-1,CPI,英国,1468,15.91%,16.48%,19.62%,24.38%,26.41%,0%,0%,0%
2025-06-23(一),App-4,CPI,英国,502,20.52%,25.82%,39.09%,135.58%,264.5%,0%,0%,0%
2025-06-23(一),App-2,CPI,英国,349,3.18%,56.63%,159.45%,270.42%,547.24%,0%,0%,0%
2025-06-23(一),App-5,CPI,英国,951,2.96%,5.35%,8.73%,11.86%,16.23%,0%,0%,0%
2025-06-24(二),App-1,CPI,美国,7483,10.5%,14.88%,28.43%,56.88%,129.37%,0%,0%,0%
2025-06-24(二),App-2,CPI,美国,1887,10.76%,21.77%,33.94%,66.65%,93.91%,0%,0%,0%
2025-06-24(二),App-3,CPI,美国,1142,8.87%,14.15%,32.73%,51.01%,113.42%,0%,0%,0%
2025-06-24(二),App-4,CPI,美国,1276,1.95%,3.49%,5.26%,10.17%,19.26%,0%,0%,0%
2025-06-24(二),App-5,CPI,美国,2920,8.96%,34.18%,41.08%,55.63%,64.76%,0%,0%,0%
2025-06-24(二),App-3,CPI,英国,356,9.21%,11.48%,12.68%,15.85%,56.96%,0%,0%,0%
2025-06-24(二),App-1,CPI,英国,661,8.54%,13.75%,17.24%,19.14%,22.42%,0%,0%,0%
2025-06-24(二),App-4,CPI,英国,512,1.7%,2.32%,4.94%,6.51%,8.55%,0%,0%,0%
2025-06-24(二),App-2,CPI,英国,374,4.65%,5.9%,8.92%,17.8%,39.94%,0%,0%,0%
2025-06-24(二),App-5,CPI,英国,334,2.11%,7.51%,21.2%,32.88%,81.33%,0%,0%,0%
2025-06-25(三),App-1,CPI,美国,6089,9.57%,14.69%,26.82%,46.01%,77.15%,0%,0%,0%
2025-06-25(三),App-2,CPI,美国,1756,16.59%,28.2%,30.84%,73.24%,123.39%,0%,0%,0%
2025-06-25(三),App-3,CPI,美国,1030,12.89%,19.07%,28.32%,61.09%,95.51%,0%,0%,0%
2025-06-25(三),App-4,CPI,美国,1314,7.43%,13.32%,26.87%,44.43%,69.14%,0%,0%,0%
2025-06-25(三),App-5,CPI,美国,2911,18.95%,32.45%,42.05%,84.05%,112.11%,0%,0%,0%
2025-06-25(三),App-3,CPI,英国,276,5.32%,7.5%,10.06%,14.43%,17.96%,0%,0%,0%
2025-06-25(三),App-1,CPI,英国,879,12.56%,16.55%,17.96%,63.03%,129.99%,0%,0%,0%
2025-06-25(三),App-4,CPI,英国,797,3.9%,29.78%,35.74%,41.89%,52.9%,0%,0%,0%
2025-06-25(三),App-2,CPI,英国,423,3.72%,8.55%,13.05%,17.72%,20.13%,0%,0%,0%
2025-06-25(三),App-5,CPI,英国,690,8.44%,9.86%,12.17%,14.05%,19.15%,0%,0%,0%
2025-06-26(四),App-1,CPI,美国,4227,7.95%,12.39%,26.87%,45.51%,60.92%,0%,0%,0%
2025-06-26(四),App-2,CPI,美国,2446,6.15%,12.85%,27.14%,47.19%,71.17%,0%,0%,0%
2025-06-26(四),App-3,CPI,美国,1113,7.45%,14.56%,22.42%,42.5%,47.79%,0%,0%,0%
2025-06-26(四),App-4,CPI,美国,1753,4.63%,7.21%,9.25%,13.57%,21.14%,0%,0%,0%
2025-06-26(四),App-5,CPI,美国,2846,11.61%,23.75%,32.96%,47.93%,58.39%,0%,0%,0%
2025-06-26(四),App-3,CPI,英国,122,7.5%,13.22%,13.9%,23.32%,26.18%,0%,0%,0%
2025-06-26(四),App-1,CPI,英国,1109,2.39%,5.88%,9.32%,53.41%,208.51%,0%,0%,0%
2025-06-26(四),App-4,CPI,英国,640,10.38%,23.64%,28.27%,54.52%,75.8%,0%,0%,0%
2025-06-26(四),App-2,CPI,英国,278,1.77%,46.29%,92.51%,94.63%,111.68%,0%,0%,0%
2025-06-26(四),App-5,CPI,英国,453,59%,116.26%,246.74%,374.72%,596.25%,0%,0%,0%
2025-06-27(五),App-1,CPI,美国,5661,7.63%,11.35%,17.24%,21.31%,38.2%,0%,0%,0%
2025-06-27(五),App-2,CPI,美国,2739,8.3%,11.61%,20.27%,24.15%,28.28%,0%,0%,0%
2025-06-27(五),App-3,CPI,美国,1518,7.28%,16.04%,45.44%,64.9%,79.31%,0%,0%,0%
2025-06-27(五),App-4,CPI,美国,1677,6.35%,8.68%,10.91%,17.47%,22.93%,0%,0%,0%
2025-06-27(五),App-5,CPI,美国,1762,10.28%,15.18%,24.95%,47.55%,66.36%,0%,0%,0%
2025-06-27(五),App-3,CPI,英国,316,3.11%,3.68%,4.14%,4.77%,6.16%,0%,0%,0%
2025-06-27(五),App-1,CPI,英国,657,2.3%,15.5%,23.04%,32.42%,50.09%,0%,0%,0%
2025-06-27(五),App-4,CPI,英国,537,2.35%,14.42%,33.69%,88.89%,159.4%,0%,0%,0%
2025-06-27(五),App-2,CPI,英国,271,0.7%,1.2%,1.81%,2.89%,6.1%,0%,0%,0%
2025-06-27(五),App-5,CPI,英国,423,4.67%,5.75%,20.14%,31.97%,68.43%,0%,0%,0%
2025-06-28(六),App-1,CPI,美国,8366,6.83%,11.7%,17.1%,23.21%,98.88%,0%,0%,0%
2025-06-28(六),App-2,CPI,美国,2538,5.66%,8.03%,12.36%,21.19%,34.44%,0%,0%,0%
2025-06-28(六),App-3,CPI,美国,3247,33.63%,45.56%,77.24%,139.77%,198.92%,0%,0%,0%
2025-06-28(六),App-4,CPI,美国,1732,3.58%,7.69%,12.01%,19.71%,28.67%,0%,0%,0%
2025-06-28(六),App-5,CPI,美国,2354,7.5%,12%,15.26%,20.11%,35.15%,0%,0%,0%
2025-06-28(六),App-3,CPI,英国,276,8.05%,14.53%,19.1%,26.12%,38.98%,0%,0%,0%
2025-06-28(六),App-1,CPI,英国,1118,3.1%,7.02%,11.16%,14.74%,18.73%,0%,0%,0%
2025-06-28(六),App-4,CPI,英国,310,12.5%,43.49%,129.36%,294.24%,493.69%,0%,0%,0%
2025-06-28(六),App-2,CPI,英国,680,6.34%,6.5%,12.76%,19.72%,22.29%,0%,0%,0%
2025-06-28(六),App-5,CPI,英国,740,5.24%,9.83%,11.49%,14.15%,21.74%,0%,0%,0%
2025-06-29(日),App-1,CPI,美国,12367,8.72%,14.04%,22.59%,37.47%,50.48%,0%,0%,0%
2025-06-29(日),App-2,CPI,美国,2366,9.68%,17.4%,19.02%,22.67%,27.93%,0%,0%,0%
2025-06-29(日),App-3,CPI,美国,2280,6.98%,19.88%,47.18%,70.93%,97.2%,0%,0%,0%
2025-06-29(日),App-4,CPI,美国,2353,5.71%,8.6%,22.9%,37.16%,48.98%,0%,0%,0%
2025-06-29(日),App-5,CPI,美国,2699,6.25%,8.98%,12.93%,19.93%,23.01%,0%,0%,0%
2025-06-29(日),App-3,CPI,英国,472,4.34%,10.24%,13.93%,33.27%,34.86%,0%,0%,0%
2025-06-29(日),App-1,CPI,英国,1468,2.14%,2.53%,5.46%,19.61%,24.81%,0%,0%,0%
2025-06-29(日),App-4,CPI,英国,708,13.4%,24.41%,67.4%,156.97%,190.79%,0%,0%,0%
2025-06-29(日),App-2,CPI,英国,720,4.71%,7.17%,16.53%,19.82%,21.83%,0%,0%,0%
2025-06-29(日),App-5,CPI,英国,946,5.45%,19.07%,36.8%,97.05%,101.31%,0%,0%,0%
2025-06-30(一),App-1,CPI,美国,11688,9.84%,18.99%,27.63%,56.53%,0%,0%,0%,0%
2025-06-30(一),App-2,CPI,美国,2230,12.19%,18.74%,32.07%,42.04%,0%,0%,0%,0%
2025-06-30(一),App-3,CPI,美国,2603,8.48%,13.67%,24.69%,38.06%,0%,0%,0%,0%
2025-06-30(一),App-4,CPI,美国,1610,8.3%,23.82%,36.47%,64%,0%,0%,0%,0%
2025-06-30(一),App-5,CPI,美国,3798,6.49%,14.22%,18.08%,25.55%,0%,0%,0%,0%
2025-06-30(一),App-3,CPI,英国,585,8%,16.45%,21.42%,31.35%,0%,0%,0%,0%
2025-06-30(一),App-1,CPI,英国,1787,7.01%,9.68%,12.27%,16.09%,0%,0%,0%,0%
2025-06-30(一),App-4,CPI,英国,759,3.53%,5.79%,7.36%,25.21%,0%,0%,0%,0%
2025-06-30(一),App-2,CPI,英国,622,28.77%,29.78%,32.81%,36.31%,0%,0%,0%,0%
2025-06-30(一),App-5,CPI,英国,853,1.81%,2.85%,3.61%,5.53%,0%,0%,0%,0%
2025-07-01(二),App-1,CPI,美国,13973,6.62%,9.12%,16.86%,30.42%,0%,0%,0%,0%
2025-07-01(二),App-2,CPI,美国,2661,8.02%,11.19%,18.4%,23.05%,0%,0%,0%,0%
2025-07-01(二),App-3,CPI,美国,3864,7.63%,15%,27.72%,63.07%,0%,0%,0%,0%
2025-07-01(二),App-4,CPI,美国,1554,8.53%,18.68%,24.14%,58.66%,0%,0%,0%,0%
2025-07-01(二),App-5,CPI,美国,3796,7.48%,12.86%,25.03%,42.8%,0%,0%,0%,0%
2025-07-01(二),App-3,CPI,英国,1459,6.2%,10.84%,21.95%,29.93%,0%,0%,0%,0%
2025-07-01(二),App-1,CPI,英国,1807,3.75%,6.78%,13.15%,47.93%,0%,0%,0%,0%
2025-07-01(二),App-4,CPI,英国,352,3.9%,7.5%,13.56%,17.02%,0%,0%,0%,0%
2025-07-01(二),App-2,CPI,英国,694,46.53%,75.65%,118.2%,160.02%,0%,0%,0%,0%
2025-07-01(二),App-5,CPI,英国,1191,11.71%,105.93%,200.99%,212.21%,0%,0%,0%,0%
2025-07-02(三),App-1,CPI,美国,10070,18.26%,22.62%,34.42%,72.94%,0%,0%,0%,0%
2025-07-02(三),App-2,CPI,美国,2222,8.24%,16.44%,30.67%,46.82%,0%,0%,0%,0%
2025-07-02(三),App-3,CPI,美国,4031,6.09%,10.49%,14.23%,21.95%,0%,0%,0%,0%
2025-07-02(三),App-4,CPI,美国,1856,6.52%,18.35%,39.66%,93.04%,0%,0%,0%,0%
2025-07-02(三),App-5,CPI,美国,2904,8.44%,13.71%,18.56%,28.05%,0%,0%,0%,0%
2025-07-02(三),App-3,CPI,英国,927,5.55%,15.11%,21.76%,39.21%,0%,0%,0%,0%
2025-07-02(三),App-1,CPI,英国,1484,3.26%,4.79%,7.5%,12.38%,0%,0%,0%,0%
2025-07-02(三),App-4,CPI,英国,502,2.84%,5.55%,7.06%,13.67%,0%,0%,0%,0%
2025-07-02(三),App-2,CPI,英国,780,13.18%,21.1%,27.16%,31.2%,0%,0%,0%,0%
2025-07-02(三),App-5,CPI,英国,931,3.89%,4.7%,6.12%,11.26%,0%,0%,0%,0%
2025-07-03(四),App-1,CPI,美国,12661,4.12%,9.7%,18.88%,39.68%,0%,0%,0%,0%
2025-07-03(四),App-2,CPI,美国,2303,9.53%,16.29%,19.36%,23.19%,0%,0%,0%,0%
2025-07-03(四),App-3,CPI,美国,7743,8.33%,10.86%,17.37%,25.24%,0%,0%,0%,0%
2025-07-03(四),App-4,CPI,美国,1581,15.76%,18.89%,28.13%,46.25%,0%,0%,0%,0%
2025-07-03(四),App-5,CPI,美国,2621,7.63%,10.05%,30.71%,39.36%,0%,0%,0%,0%
2025-07-03(四),App-3,CPI,英国,1180,9.37%,27.65%,72.2%,181.35%,0%,0%,0%,0%
2025-07-03(四),App-1,CPI,英国,1795,1.86%,6.4%,14.96%,29.66%,0%,0%,0%,0%
2025-07-03(四),App-4,CPI,英国,467,6.82%,27.99%,34.58%,47.5%,0%,0%,0%,0%
2025-07-03(四),App-2,CPI,英国,831,3.25%,10.05%,12%,19.59%,0%,0%,0%,0%
2025-07-03(四),App-5,CPI,英国,1497,14.12%,26.15%,37.85%,53.63%,0%,0%,0%,0%
2025-07-04(五),App-1,CPI,美国,15020,6.56%,13.37%,29.62%,53.08%,0%,0%,0%,0%
2025-07-04(五),App-2,CPI,美国,2673,2.53%,9.19%,12.62%,14.51%,0%,0%,0%,0%
2025-07-04(五),App-3,CPI,美国,10494,4.54%,9.07%,21.15%,46.31%,0%,0%,0%,0%
2025-07-04(五),App-4,CPI,美国,1971,4.98%,7.57%,15.44%,18.74%,0%,0%,0%,0%
2025-07-04(五),App-5,CPI,美国,4004,4.7%,6.71%,11.89%,14.34%,0%,0%,0%,0%
2025-07-04(五),App-3,CPI,英国,2078,23.91%,47.72%,64.23%,121.72%,0%,0%,0%,0%
2025-07-04(五),App-1,CPI,英国,2560,1.77%,4.34%,13.4%,22.97%,0%,0%,0%,0%
2025-07-04(五),App-4,CPI,英国,562,7.91%,18.99%,27.47%,57.65%,0%,0%,0%,0%
2025-07-04(五),App-2,CPI,英国,885,1.47%,3.6%,8.62%,13.78%,0%,0%,0%,0%
2025-07-04(五),App-5,CPI,英国,1250,2.95%,7.8%,21.34%,41.26%,0%,0%,0%,0%
2025-07-05(六),App-1,CPI,美国,18194,7.2%,11.97%,22.28%,34.98%,0%,0%,0%,0%
2025-07-05(六),App-2,CPI,美国,2367,7.6%,12.78%,17.21%,27.62%,0%,0%,0%,0%
2025-07-05(六),App-3,CPI,美国,6412,16.62%,26.39%,37.88%,66.23%,0%,0%,0%,0%
2025-07-05(六),App-4,CPI,美国,1767,7.7%,11.22%,24.79%,47.78%,0%,0%,0%,0%
2025-07-05(六),App-5,CPI,美国,4571,7.94%,22.83%,32.57%,48.45%,0%,0%,0%,0%
2025-07-05(六),App-3,CPI,英国,1891,4.51%,7.66%,11.49%,14.01%,0%,0%,0%,0%
2025-07-05(六),App-1,CPI,英国,3087,2.08%,4.72%,7.03%,20.78%,0%,0%,0%,0%
2025-07-05(六),App-4,CPI,英国,534,15.98%,26.68%,36.76%,47.17%,0%,0%,0%,0%
2025-07-05(六),App-2,CPI,英国,1341,5.36%,12.56%,18.42%,21.22%,0%,0%,0%,0%
2025-07-05(六),App-5,CPI,英国,1324,4.4%,10.77%,22.35%,33.71%,0%,0%,0%,0%
2025-07-06(日),App-1,CPI,美国,31556,5.13%,9.82%,14.82%,26.97%,0%,0%,0%,0%
2025-07-06(日),App-2,CPI,美国,2818,44.94%,48.01%,51.16%,55.52%,0%,0%,0%,0%
2025-07-06(日),App-3,CPI,美国,5976,7.91%,13.68%,18.35%,23.85%,0%,0%,0%,0%
2025-07-06(日),App-4,CPI,美国,2432,5.98%,12.18%,16.04%,19.76%,0%,0%,0%,0%
2025-07-06(日),App-5,CPI,美国,4629,13.88%,19.66%,51.46%,96.48%,0%,0%,0%,0%
2025-07-06(日),App-3,CPI,英国,1904,6.5%,11.1%,13.76%,20.12%,0%,0%,0%,0%
2025-07-06(日),App-1,CPI,英国,5874,5.87%,12.19%,15.16%,22.08%,0%,0%,0%,0%
2025-07-06(日),App-4,CPI,英国,1108,1.85%,6.43%,10.44%,18.19%,0%,0%,0%,0%
2025-07-06(日),App-2,CPI,英国,710,3.55%,4.63%,6.5%,7.11%,0%,0%,0%,0%
2025-07-06(日),App-5,CPI,英国,1343,11.94%,16.37%,27.53%,31.98%,0%,0%,0%,0%
2025-07-07(一),App-1,CPI,美国,23424,3.83%,8.79%,27.76%,0%,0%,0%,0%,0%
2025-07-07(一),App-2,CPI,美国,2306,6.84%,9.68%,17.38%,0%,0%,0%,0%,0%
2025-07-07(一),App-3,CPI,美国,6333,7.71%,12.34%,15.37%,0%,0%,0%,0%,0%
2025-07-07(一),App-4,CPI,美国,2289,14.23%,19.25%,25.74%,0%,0%,0%,0%,0%
2025-07-07(一),App-5,CPI,美国,3693,9.77%,13.23%,17%,0%,0%,0%,0%,0%
2025-07-07(一),App-3,CPI,英国,1306,2.36%,6.22%,17.98%,0%,0%,0%,0%,0%
2025-07-07(一),App-1,CPI,英国,4780,4%,9.2%,13.11%,0%,0%,0%,0%,0%
2025-07-07(一),App-4,CPI,英国,1278,13.57%,21.25%,33.08%,0%,0%,0%,0%,0%
2025-07-07(一),App-2,CPI,英国,779,11.95%,17.47%,21.56%,0%,0%,0%,0%,0%
2025-07-07(一),App-5,CPI,英国,947,10.17%,16.73%,18.24%,0%,0%,0%,0%,0%
2025-07-08(二),App-1,CPI,美国,23703,4.56%,7.14%,12.81%,0%,0%,0%,0%,0%
2025-07-08(二),App-2,CPI,美国,1679,30.93%,41.99%,74.69%,0%,0%,0%,0%,0%
2025-07-08(二),App-3,CPI,美国,7849,9%,19.51%,41.48%,0%,0%,0%,0%,0%
2025-07-08(二),App-4,CPI,美国,2413,2.96%,6.41%,10.93%,0%,0%,0%,0%,0%
2025-07-08(二),App-5,CPI,美国,3500,12.78%,22.73%,33.02%,0%,0%,0%,0%,0%
2025-07-08(二),App-3,CPI,英国,1268,17.8%,45.04%,100.52%,0%,0%,0%,0%,0%
2025-07-08(二),App-1,CPI,英国,3767,3.36%,10.33%,16.33%,0%,0%,0%,0%,0%
2025-07-08(二),App-4,CPI,英国,613,6.84%,11.09%,22.7%,0%,0%,0%,0%,0%
2025-07-08(二),App-2,CPI,英国,527,5.77%,14.11%,32.01%,0%,0%,0%,0%,0%
2025-07-08(二),App-5,CPI,英国,1148,7.55%,11.95%,22.73%,0%,0%,0%,0%,0%
2025-07-09(三),App-1,CPI,美国,16499,7.05%,12.64%,19.37%,0%,0%,0%,0%,0%
2025-07-09(三),App-2,CPI,美国,1670,14.1%,37.53%,50.3%,0%,0%,0%,0%,0%
2025-07-09(三),App-3,CPI,美国,4494,5.73%,11.78%,19.28%,0%,0%,0%,0%,0%
2025-07-09(三),App-4,CPI,美国,1498,10.62%,11.85%,13.03%,0%,0%,0%,0%,0%
2025-07-09(三),App-5,CPI,美国,3453,18%,23.94%,26.94%,0%,0%,0%,0%,0%
2025-07-09(三),App-3,CPI,英国,1401,6.74%,10.96%,14.85%,0%,0%,0%,0%,0%
2025-07-09(三),App-1,CPI,英国,2096,3.73%,9.47%,16.1%,0%,0%,0%,0%,0%
2025-07-09(三),App-4,CPI,英国,438,6.71%,13.02%,14.45%,0%,0%,0%,0%,0%
2025-07-09(三),App-2,CPI,英国,428,3.38%,4.84%,5.19%,0%,0%,0%,0%,0%
2025-07-09(三),App-5,CPI,英国,1107,4.09%,5.21%,7.84%,0%,0%,0%,0%,0%
2025-07-10(四),App-1,CPI,美国,15404,5.49%,8.9%,15.99%,0%,0%,0%,0%,0%
2025-07-10(四),App-2,CPI,美国,1468,6.34%,9.05%,13.25%,0%,0%,0%,0%,0%
2025-07-10(四),App-3,CPI,美国,6841,9.81%,16.6%,26.98%,0%,0%,0%,0%,0%
2025-07-10(四),App-4,CPI,美国,1858,4.84%,6.71%,12.48%,0%,0%,0%,0%,0%
2025-07-10(四),App-5,CPI,美国,2855,6.29%,7.96%,11.62%,0%,0%,0%,0%,0%
2025-07-10(四),App-3,CPI,英国,1133,1.6%,3.37%,4.53%,0%,0%,0%,0%,0%
2025-07-10(四),App-1,CPI,英国,1501,8.53%,12.28%,21.23%,0%,0%,0%,0%,0%
2025-07-10(四),App-4,CPI,英国,572,4.22%,8.72%,14.58%,0%,0%,0%,0%,0%
2025-07-10(四),App-2,CPI,英国,419,7.52%,8.84%,9.28%,0%,0%,0%,0%,0%
2025-07-10(四),App-5,CPI,英国,1173,20.85%,30.69%,40.7%,0%,0%,0%,0%,0%
2025-07-11(五),App-1,CPI,美国,18282,9.28%,18.95%,0%,0%,0%,0%,0%,0%
2025-07-11(五),App-2,CPI,美国,1456,10.09%,14.3%,0%,0%,0%,0%,0%,0%
2025-07-11(五),App-3,CPI,美国,9933,4.83%,8.63%,0%,0%,0%,0%,0%,0%
2025-07-11(五),App-4,CPI,美国,1658,5.38%,7.64%,0%,0%,0%,0%,0%,0%
2025-07-11(五),App-5,CPI,美国,3117,7.74%,14.23%,0%,0%,0%,0%,0%,0%
2025-07-11(五),App-3,CPI,英国,1686,10.89%,12.31%,0%,0%,0%,0%,0%,0%
2025-07-11(五),App-1,CPI,英国,1589,4.9%,6.83%,0%,0%,0%,0%,0%,0%
2025-07-11(五),App-4,CPI,英国,602,11.05%,15.58%,0%,0%,0%,0%,0%,0%
2025-07-11(五),App-2,CPI,英国,406,8.39%,11.1%,0%,0%,0%,0%,0%,0%
2025-07-11(五),App-5,CPI,英国,818,8.82%,20.76%,0%,0%,0%,0%,0%,0%
2025-07-12(六),App-1,CPI,美国,14199,4.86%,13.8%,0%,0%,0%,0%,0%,0%
2025-07-12(六),App-2,CPI,美国,887,23.4%,31.62%,0%,0%,0%,0%,0%,0%
2025-07-12(六),App-3,CPI,美国,6387,6.89%,11.49%,0%,0%,0%,0%,0%,0%
2025-07-12(六),App-4,CPI,美国,2047,6.24%,7.1%,0%,0%,0%,0%,0%,0%
2025-07-12(六),App-5,CPI,美国,2589,5.78%,7.67%,0%,0%,0%,0%,0%,0%
2025-07-12(六),App-3,CPI,英国,1392,3.54%,6.34%,0%,0%,0%,0%,0%,0%
2025-07-12(六),App-1,CPI,英国,1938,7.47%,9.27%,0%,0%,0%,0%,0%,0%
2025-07-12(六),App-4,CPI,英国,815,1.73%,2.73%,0%,0%,0%,0%,0%,0%
2025-07-12(六),App-2,CPI,英国,351,1.56%,3.01%,0%,0%,0%,0%,0%,0%
2025-07-12(六),App-5,CPI,英国,1346,3.19%,10.23%,0%,0%,0%,0%,0%,0%
